Region,County,Name,Organisation,Track And Field,Cross Country,Road Running,Hill And Fell,Race Walking,Trail Running
East,,Brentwood Beagles Athletics Club,Club,Y,Y,Y,Y,Y,Y
East,Bedfordshire,Ampthill & Flitwick Flyers RC,Club,Y,Y,Y,Y,N,Y
East,Bedfordshire,Bedford & County AC,Club,Y,Y,Y,N,N,N
East,Bedfordshire,Bedford Harriers AC,Club,N,Y,Y,N,N,N
East,Bedfordshire,Biggleswade AC,Club,Y,Y,Y,Y,Y,Y
East,Bedfordshire,Dunstable Lions Running Club,Club,N,Y,Y,N,N,N
East,Bedfordshire,Dunstable RRC,Club,N,Y,Y,N,N,N
East,Bedfordshire,Fetch Everyone,Virtual Club,Y,Y,Y,Y,Y,Y
East,Bedfordshire,Leighton Buzzard Athletic Club,Club,Y,Y,Y,N,N,Y
East,Bedfordshire,Leighton Buzzard Triathlon Club,Club,N,Y,Y,Y,N,Y
East,Bedfordshire,Leighton Fun Runners,Club,N,N,Y,N,N,N
East,Bedfordshire,Luton Athletic Club,Club,Y,Y,Y,N,N,N
East,Bedfordshire,Shefford Runners,Club,N,Y,Y,Y,N,Y
East,Bedfordshire,Stopsley Striders,Club,Y,Y,Y,N,Y,Y
East,Cambridgeshire,BRJ Run and Tri,Club,Y,Y,Y,Y,Y,Y
East,Cambridgeshire,Bushfield Joggers,Club,N,N,Y,N,N,N
East,Cambridgeshire,Cambridge & Coleridge AC,Club,Y,Y,Y,Y,Y,Y
East,Cambridgeshire,Cambridge Triathlon Club,Club,N,Y,Y,N,N,N
East,Cambridgeshire,Cambridge University AC,Club,Y,N,N,N,N,N
East,Cambridgeshire,Cambridge University Hare and Hounds Club,Club,N,Y,N,N,N,N
East,Cambridgeshire,Chatteris Running Club,Club,N,Y,Y,N,N,N
East,Cambridgeshire,Ely Runners,Club,Y,Y,Y,Y,Y,N
East,Cambridgeshire,Ely Tri Club,Club,Y,Y,Y,Y,Y,Y
East,Cambridgeshire,Eye Community Runners,Club,N,Y,Y,N,N,N
East,Cambridgeshire,Helpston Harriers AC,Club,Y,Y,Y,Y,N,Y
East,Cambridgeshire,HI Runners,Club,N,N,Y,N,N,N
East,Cambridgeshire,Huntingdonshire AC,Club,Y,Y,Y,N,N,N
East,Cambridgeshire,Longstanton and Northstowe Limpers,Club,Y,Y,Y,Y,N,Y
East,Cambridgeshire,March AC,Club,N,Y,Y,N,N,N
East,Cambridgeshire,Peterborough & Nene Valley AC,Club,Y,Y,Y,Y,Y,Y
East,Cambridgeshire,Ramsey Road Runners,Club,N,Y,Y,Y,N,Y
East,Cambridgeshire,Sawtry Walk to Run,Club,N,Y,Y,N,N,Y
East,Cambridgeshire,South Cambridge Striders,Club,N,Y,Y,Y,N,Y
East,Cambridgeshire,St Neots Riverside Runners,Club,N,Y,Y,Y,N,N
East,Cambridgeshire,Thorney RC,Club,Y,Y,Y,Y,N,Y
East,Cambridgeshire,Werrington Joggers,Club,N,Y,Y,N,N,N
East,Cambridgeshire,Yaxley Runners & Joggers,Club,N,Y,Y,N,N,N
East,Essex,Basildon AC,Club,Y,Y,Y,N,N,N
East,Essex,Benfleet RC,Club,Y,Y,Y,N,N,Y
East,Essex,Billericay Striders,Club,N,Y,Y,N,N,N
East,Essex,Bishops Stortford RC,Club,N,Y,Y,Y,N,Y
East,Essex,Boxted Runners,Club,N,N,Y,N,N,N
East,Essex,Braintree & District AC,Club,Y,Y,Y,N,N,N
East,Essex,Brentwood Running Club,Club,N,Y,Y,N,N,Y
East,Essex,Castle Point Joggers,Club,N,Y,Y,Y,N,N
East,Essex,Chelmsford AC,Club,Y,Y,Y,N,N,N
East,Essex,City of Southend On Sea AC,Club,Y,Y,Y,N,Y,Y
East,Essex,Colchester & Tendring AC,Club,Y,Y,Y,N,Y,N
East,Essex,Colchester Harriers AC,Club,Y,Y,Y,N,Y,Y
East,Essex,Daws Heath Harriers,Club,Y,Y,Y,Y,N,Y
East,Essex,Dengie 100 Runners,Club,N,Y,Y,N,N,N
East,Essex,East Essex Triathlon Club,Club,N,Y,Y,N,N,N
East,Essex,Eastern Masters AC,Club,Y,Y,Y,N,Y,N
East,Essex,Grange Farm & Dunmow Runners,Club,N,Y,Y,N,N,Y
East,Essex,Great Bentley Running Club,Club,N,Y,Y,Y,Y,Y
East,Essex,Halstead RRC,Club,N,Y,Y,N,N,Y
East,Essex,Harlow AC,Club,Y,Y,N,N,N,N
East,Essex,Harlow Running & Tri Club,Club,N,Y,Y,N,N,N
East,Essex,Harold Wood Running Club,Club,N,Y,Y,Y,Y,Y
East,Essex,Harwich Runners,Club,N,Y,Y,N,N,N
East,Essex,Hercules Running & Tri Club,Club,N,Y,Y,N,N,N
East,Essex,Hockley Trail Runners,Club,Y,Y,Y,Y,N,Y
East,Essex,Jogging Made Easy,Club,N,N,Y,N,N,N
East,Essex,Leigh-on-Sea Striders,Club,Y,Y,Y,N,N,Y
East,Essex,Little Baddow Ridge Runners,Club,N,Y,Y,Y,N,Y
East,Essex,Loughton AC,Club,Y,Y,Y,Y,Y,N
East,Essex,Mid Essex Casuals,Club,Y,Y,Y,Y,N,Y
East,Essex,Phoenix Striders,Club,N,Y,Y,N,N,N
East,Essex,Pitsea RC,Club,N,Y,Y,Y,Y,Y
East,Essex,RED (Rochford Endurance & Distance) Runners,Club,N,Y,Y,N,N,Y
East,Essex,Rochford Running Club,Club,N,Y,Y,N,N,N
East,Essex,Running Colchester,Club,N,N,Y,N,N,N
East,Essex,Saffron Striders RC,Club,N,Y,Y,Y,N,Y
East,Essex,South Woodham Runners,Club,N,Y,Y,N,N,Y
East,Essex,Springfield Striders RC,Club,N,Y,Y,Y,N,Y
East,Essex,SS Athletics,Club,Y,Y,N,N,N,N
East,Essex,Thurrock Harriers,Club,Y,Y,Y,N,N,N
East,Essex,Tiptree Road Runners,Club,N,Y,Y,N,N,Y
East,Essex,Witham RC,Club,N,Y,Y,N,N,N
East,Hertfordshire,Active Training World RC,Club,N,Y,Y,N,N,Y
East,Hertfordshire,Broxbourne Runners,Club,N,Y,Y,N,N,N
East,Hertfordshire,Bubble Works Run Community,Club,N,Y,Y,Y,N,Y
East,Hertfordshire,Dacorum Athletics Club,Club,Y,Y,Y,N,N,N
East,Hertfordshire,Fairlands Valley Spartans,Club,Y,Y,Y,N,N,N
East,Hertfordshire,Gade Valley Harriers,Club,N,Y,Y,Y,N,Y
East,Hertfordshire,Garden City Runners,Club,N,Y,Y,N,N,N
East,Hertfordshire,Harpenden Arrows,Club,N,Y,Y,N,N,Y
East,Hertfordshire,Herts Phoenix AC,Club,Y,Y,Y,Y,Y,N
East,Hertfordshire,Hitchin Running Club,Club,N,Y,Y,Y,N,Y
East,Hertfordshire,North Herts Road Runners,Club,N,Y,Y,N,N,N
East,Hertfordshire,Royston Runners,Club,Y,Y,Y,Y,Y,Y
East,Hertfordshire,St Albans AC,Club,Y,N,N,N,N,N
East,Hertfordshire,St Albans Striders,Club,N,Y,Y,Y,N,Y
East,Hertfordshire,Stevenage & North Herts AC,Club,Y,Y,Y,N,N,N
East,Hertfordshire,The HAWCS,Club,Y,N,N,N,N,N
East,Hertfordshire,Tring RC,Club,N,Y,Y,Y,N,Y
East,Hertfordshire,Ware Joggers,Club,N,Y,Y,N,N,Y
East,Hertfordshire,Watford Harriers,Club,Y,Y,Y,N,Y,N
East,Hertfordshire,Watford Joggers,Club,N,Y,Y,Y,N,N
East,Hertfordshire,Wheathampstead Warriors,Club,Y,Y,Y,Y,N,Y
East,Norfolk,Arete Run Club,Club,N,N,Y,N,N,N
East,Norfolk,Attleborough Athletics Academy,Club,Y,Y,Y,Y,Y,Y
East,Norfolk,Aylsham Runners,Club,N,N,Y,N,N,Y
East,Norfolk,Bure Valley Harriers,Club,Y,Y,Y,N,N,N
East,Norfolk,City Of Norwich AC,Club,Y,Y,Y,N,N,N
East,Norfolk,Coltishall Jaguars RC,Club,Y,Y,Y,N,N,N
East,Norfolk,Dereham Runners AC,Club,Y,Y,Y,N,N,N
East,Norfolk,Diss and District AC,Club,Y,Y,Y,N,N,N
East,Norfolk,Fenland Running Club,Club,N,Y,Y,N,N,N
East,Norfolk,Great Yarmouth & District AC,Club,Y,Y,Y,N,N,N
East,Norfolk,Great Yarmouth Road Runners,Club,Y,Y,Y,N,N,N
East,Norfolk,Harleston Running Club,Club,Y,Y,Y,N,N,Y
East,Norfolk,Harling Athletic Club,Club,Y,Y,Y,N,N,N
East,Norfolk,Norfolk Gazelles AC,Club,Y,Y,Y,N,N,N
East,Norfolk,Norfolk Harriers RC,Club,N,Y,Y,N,N,N
East,Norfolk,North Norfolk Beach Runners,Club,N,Y,Y,N,N,N
East,Norfolk,North Norfolk Harriers Athletics Club,Club,Y,Y,Y,N,N,Y
East,Norfolk,Norwich Road Runners,Club,N,Y,Y,N,N,N
East,Norfolk,Reepham Runners,Club,N,Y,Y,N,N,N
East,Norfolk,Runners-Next-the-Sea,Club,N,Y,Y,N,N,Y
East,Norfolk,Ryston Runners,Club,Y,Y,Y,N,Y,N
East,Norfolk,Thetford AC,Club,Y,Y,Y,N,N,N
East,Norfolk,Three Counties Running Club,Club,N,N,Y,N,N,N
East,Norfolk,Tri-Anglia Triathlon Club,Club,N,Y,Y,Y,N,N
East,Norfolk,West Norfolk AC,Club,Y,Y,Y,N,N,N
East,Norfolk,Wymondham AC,Club,N,Y,Y,N,N,N
East,Suffolk,Beccles & Bungay Harriers,Club,Y,Y,Y,Y,Y,Y
East,Suffolk,Beccles Triathlon Club,Club,N,Y,Y,N,N,N
East,Suffolk,BLC on the Run,Club,N,Y,Y,N,N,Y
East,Suffolk,Brandon Fern Hoppers,Club,N,Y,Y,N,N,N
East,Suffolk,Bungay Black Dog RC,Club,Y,Y,Y,N,N,N
East,Suffolk,Capel Cheetahs,Club,N,N,Y,N,N,N
East,Suffolk,Felixstowe RRC,Club,Y,Y,Y,N,N,N
East,Suffolk,Framlingham Flyers,Club,N,Y,Y,N,N,N
East,Suffolk,Hadleigh Hares AC,Club,Y,Y,Y,N,N,N
East,Suffolk,Haverhill Running Club,Club,N,Y,Y,N,N,N
East,Suffolk,Ipswich Harriers,Club,Y,Y,Y,N,N,N
East,Suffolk,Ipswich Jaffa RC,Club,Y,Y,Y,N,N,N
East,Suffolk,Ipswich Phoenix Running Club,Club,N,Y,Y,N,N,Y
East,Suffolk,Ipswich Triathlon Club,Club,N,Y,Y,N,N,N
East,Suffolk,Kesgrave Kruisers,Club,Y,Y,Y,N,N,Y
East,Suffolk,Lowestoft Road Runners,Club,N,Y,Y,N,N,N
East,Suffolk,Newmarket Joggers AC,Club,Y,Y,Y,N,Y,N
East,Suffolk,Orwell Panthers AC,Club,Y,Y,N,N,N,N
East,Suffolk,Rushmere Community Runners,Club,Y,Y,Y,Y,Y,Y
East,Suffolk,Saint Edmund Pacers,Club,N,Y,Y,Y,N,N
East,Suffolk,Saxmundham Sports Running & Fitness Club,Club,Y,Y,Y,N,N,Y
East,Suffolk,Stowmarket Striders RC,Club,N,Y,Y,N,N,N
East,Suffolk,Sudbury Joggers,Club,N,N,Y,N,N,N
East,Suffolk,TRISudbury,Club,N,Y,Y,N,N,Y
East,Suffolk,Waveney Valley AC,Club,Y,Y,Y,N,N,N
East,Suffolk,West Suffolk AC,Club,Y,Y,Y,N,Y,Y
East,Suffolk,Woodbridge Shufflers RC,Club,N,Y,Y,N,N,N
East Midlands,Derbyshire,Amber Valley and Erewash Athletic Club,Club,Y,Y,Y,N,N,N
East Midlands,Derbyshire,Bakewell Athletics Club,Club,N,Y,Y,Y,N,Y
East Midlands,Derbyshire,Bell & Harp Running Club,Club,N,Y,Y,Y,N,Y
East Midlands,Derbyshire,Belper Harriers,Club,Y,Y,Y,Y,N,Y
East Midlands,Derbyshire,Belper Ten Twenty Triathlon Club,Club,N,Y,Y,Y,N,Y
East Midlands,Derbyshire,Buxton AC,Club,Y,Y,Y,Y,N,N
East Midlands,Derbyshire,Chesterfield & District AC,Club,Y,Y,Y,N,N,N
East Midlands,Derbyshire,Chesterfield Tri Club,Club,Y,Y,Y,Y,N,Y
East Midlands,Derbyshire,Clowne Road Runners Club,Club,N,Y,Y,Y,N,Y
East Midlands,Derbyshire,Derby Athletic Club,Club,Y,Y,Y,Y,N,Y
East Midlands,Derbyshire,Derby Triathlon Club,Club,N,Y,Y,N,N,N
East Midlands,Derbyshire,Derbyshire Dynamos,Club,N,N,Y,N,N,N
East Midlands,Derbyshire,Derwent Runners (Derby),Club,N,Y,Y,N,N,Y
East Midlands,Derbyshire,Dronfield RC,Club,N,Y,Y,Y,N,Y
East Midlands,Derbyshire,Glossopdale Harriers,Club,N,Y,Y,Y,N,Y
East Midlands,Derbyshire,Goyt Valley Striders,Club,N,Y,Y,Y,N,Y
East Midlands,Derbyshire,Heanor Running Club,Club,Y,Y,Y,N,N,N
East Midlands,Derbyshire,High Peak Athletic Club,Club,Y,Y,Y,Y,N,Y
East Midlands,Derbyshire,Ilkeston Running Club,Club,N,Y,Y,N,N,N
East Midlands,Derbyshire,Matlock Athletic Club,Club,Y,Y,Y,Y,N,N
East Midlands,Derbyshire,Mickleover Running Club,Club,N,Y,Y,Y,N,Y
East Midlands,Derbyshire,North Derbyshire RC,Club,N,Y,Y,Y,N,N
East Midlands,Derbyshire,Pennine Fell Runners,Club,N,N,N,Y,N,N
East Midlands,Derbyshire,Ripley Running Club,Club,N,Y,Y,Y,N,Y
East Midlands,Derbyshire,Rolls Royce Harriers,Club,Y,Y,Y,Y,N,N
East Midlands,Derbyshire,Run Things Run Club,Virtual Club,Y,Y,Y,Y,N,Y
East Midlands,Derbyshire,Running at 40 Plus,Virtual Club,N,Y,Y,Y,N,Y
East Midlands,Derbyshire,Shelton Striders,Club,N,Y,Y,Y,N,N
East Midlands,Derbyshire,Sinfin Running Club,Club,N,Y,Y,Y,N,Y
East Midlands,Derbyshire,Smalley Road Runners,Club,N,Y,Y,Y,N,N
East Midlands,Derbyshire,South Derbyshire Road Runners,Club,N,Y,Y,Y,N,N
East Midlands,Derbyshire,Start2Jog,Club,N,N,Y,N,N,Y
East Midlands,Derbyshire,Team Derby Runner,Club,N,Y,Y,N,N,N
East Midlands,Derbyshire,Wilne Runners,Club,N,Y,Y,N,N,Y
East Midlands,Leicestershire,4Life Triathlon Club,Club,N,Y,Y,Y,Y,Y
East Midlands,Leicestershire,Barlestone St Giles RC,Club,N,N,Y,N,N,N
East Midlands,Leicestershire,Barrow Runners,Club,Y,Y,Y,Y,Y,Y
East Midlands,Leicestershire,Beaumont RC,Club,N,Y,Y,N,N,N
East Midlands,Leicestershire,Birstall RC,Club,N,Y,Y,N,N,N
East Midlands,Leicestershire,Charnwood A C,Club,Y,Y,Y,Y,Y,N
East Midlands,Leicestershire,Coalville Triathlon Club,Club,N,Y,Y,N,N,Y
East Midlands,Leicestershire,Desford Striders,Club,N,Y,Y,N,N,N
East Midlands,Leicestershire,Fleckney & Kibworth Athletics Club,Club,N,N,Y,N,N,N
East Midlands,Leicestershire,Harborough AC,Club,Y,Y,Y,N,N,N
East Midlands,Leicestershire,Hermitage Harriers,Club,N,Y,Y,N,N,N
East Midlands,Leicestershire,Hinckley Running Club,Club,N,Y,Y,N,N,N
East Midlands,Leicestershire,Huncote Harriers,Club,Y,Y,Y,Y,N,N
East Midlands,Leicestershire,Ivanhoe Robins Junior Athletics Club,Club,Y,N,N,N,N,N
East Midlands,Leicestershire,Ivanhoe Runners,Club,Y,Y,Y,Y,Y,N
East Midlands,Leicestershire,Leicester Coritanian AC,Club,Y,Y,Y,N,N,N
East Midlands,Leicestershire,Leicester Outdoor Fitness (Chapel Health & Fitness Studio Ltd),Club,N,Y,Y,N,N,Y
East Midlands,Leicestershire,Leicester Triathlon Club,Club,N,Y,Y,N,N,N
East Midlands,Leicestershire,Leicester Walking Club,Club,N,N,N,N,Y,N
East Midlands,Leicestershire,Loughborough Students AC,Club,Y,Y,Y,N,N,N
East Midlands,Leicestershire,Owls AC,Club,Y,Y,Y,Y,N,N
East Midlands,Leicestershire,Poplar Running Club,Club,N,Y,Y,Y,N,Y
East Midlands,Leicestershire,Race Hub,Club,Y,Y,Y,Y,N,Y
East Midlands,Leicestershire,Roadhoggs Leicester AC,Club,N,Y,Y,N,N,N
East Midlands,Leicestershire,Rutland Running & Triathlon Club,Club,N,N,Y,N,N,Y
East Midlands,Leicestershire,Saffron Athletics Club,Club,Y,N,N,N,N,N
East Midlands,Leicestershire,Shepshed Running Club,Club,Y,Y,Y,Y,N,Y
East Midlands,Leicestershire,Squirrels Running Group,Club,N,Y,Y,N,N,N
East Midlands,Leicestershire,Stilton Striders,Club,N,Y,Y,Y,N,N
East Midlands,Leicestershire,Team Anstey Amblers and Runners,Club,N,Y,Y,Y,Y,Y
East Midlands,Leicestershire,University of Leicester Running & Athletics Club,Club,Y,Y,Y,N,N,N
East Midlands,Leicestershire,West End Runners,Club,N,Y,Y,Y,N,N
East Midlands,Leicestershire,Wigston Phoenix RC,Club,Y,Y,Y,N,N,N
East Midlands,Leicestershire,Wreake & Soar Valley,Club,Y,Y,Y,Y,N,Y
East Midlands,Leicestershire,Wreake Runners,Club,Y,Y,Y,Y,N,Y
East Midlands,Lincolnshire,Boston & District AC,Club,Y,Y,Y,Y,Y,Y
East Midlands,Lincolnshire,Bourne Town Harriers,Club,Y,Y,Y,Y,N,N
East Midlands,Lincolnshire,Cliff Village Runners,Club,N,Y,Y,N,N,Y
East Midlands,Lincolnshire,Gainsborough & Morton Striders,Club,Y,Y,Y,N,N,N
East Midlands,Lincolnshire,Grantham AC,Club,Y,Y,Y,N,N,N
East Midlands,Lincolnshire,Grantham Running Club,Club,Y,Y,Y,Y,N,Y
East Midlands,Lincolnshire,Halmer Harriers,Club,Y,N,Y,N,Y,Y
East Midlands,Lincolnshire,Hurricane Striders,Club,N,Y,Y,N,N,Y
East Midlands,Lincolnshire,Just Run Community,Club,N,Y,Y,N,N,Y
East Midlands,Lincolnshire,Lincoln & District Runners,Club,Y,Y,Y,Y,N,N
East Midlands,Lincolnshire,Lincoln Wellington Athletic Club,Club,Y,Y,Y,Y,N,N
East Midlands,Lincolnshire,Louth AC,Club,Y,Y,Y,N,N,N
East Midlands,Lincolnshire,Louth Triathlon Club,Club,N,N,Y,N,N,N
East Midlands,Lincolnshire,Nettleham Trotters Running Group,Club,N,Y,Y,Y,N,Y
East Midlands,Lincolnshire,Off that couch fitness,Club,N,Y,Y,N,N,Y
East Midlands,Lincolnshire,Rasen Running Club,Club,N,Y,Y,Y,N,Y
East Midlands,Lincolnshire,Skegness & District Running Club,Club,Y,Y,Y,Y,Y,Y
East Midlands,Lincolnshire,Sleaford Striders AC,Club,Y,Y,Y,N,N,N
East Midlands,Lincolnshire,Sleaford Town Runners,Club,Y,Y,Y,Y,Y,Y
East Midlands,Lincolnshire,Stamford Striders,Club,Y,Y,Y,Y,N,Y
East Midlands,Lincolnshire,Witham Runners (Lincolnshire),Club,Y,Y,Y,Y,N,Y
East Midlands,Northamptonshire,Akademos Learning,Club,N,Y,Y,Y,N,Y
East Midlands,Northamptonshire,Brackley and District RC,Club,N,Y,Y,N,N,N
East Midlands,Northamptonshire,Corby AC,Club,Y,Y,Y,N,N,N
East Midlands,Northamptonshire,Daventry AAC,Club,Y,Y,Y,N,N,N
East Midlands,Northamptonshire,Daventry Road Runners,Club,Y,N,Y,N,N,Y
East Midlands,Northamptonshire,Desborough & Rothwell Running Club,Club,N,Y,Y,Y,N,Y
East Midlands,Northamptonshire,Diamond Runners,Club,N,Y,Y,N,N,Y
East Midlands,Northamptonshire,Higham Harriers,Club,N,Y,Y,N,N,N
East Midlands,Northamptonshire,Human Energy AC,Club,N,Y,Y,Y,N,Y
East Midlands,Northamptonshire,Kettering Town Harriers,Club,Y,Y,Y,N,N,N
East Midlands,Northamptonshire,Northampton AC,Club,Y,Y,Y,N,Y,N
East Midlands,Northamptonshire,Northampton Road Runners,Club,N,Y,Y,N,N,N
East Midlands,Northamptonshire,Northants Police Athletic Section,Club,Y,Y,Y,N,N,N
East Midlands,Northamptonshire,Northants Tri,Club,N,Y,Y,N,N,N
East Midlands,Northamptonshire,Rugby & Northampton AC,Club,Y,Y,Y,Y,Y,Y
East Midlands,Northamptonshire,Silson AC,Club,N,Y,Y,N,N,N
East Midlands,Northamptonshire,Team Balancise RC,Club,N,Y,Y,N,N,Y
East Midlands,Northamptonshire,Wellingborough & District AC,Club,Y,Y,Y,N,N,N
East Midlands,Northamptonshire,Wootton Road Runners,Club,N,Y,Y,Y,N,Y
East Midlands,Nottinghamshire,Beeston AC,Club,Y,Y,Y,Y,N,Y
East Midlands,Nottinghamshire,Beyond Active Edge Run Community,Virtual Club,N,N,Y,Y,N,Y
East Midlands,Nottinghamshire,Erewash Valley RC,Club,N,Y,Y,Y,N,N
East Midlands,Nottinghamshire,Formula One Circuit Crew,Club,N,Y,Y,Y,N,Y
East Midlands,Nottinghamshire,Holme Pierrepont RC,Club,Y,Y,Y,Y,N,Y
East Midlands,Nottinghamshire,Kimberley & District Striders,Club,Y,Y,Y,Y,N,Y
East Midlands,Nottinghamshire,Long Eaton Running Club,Club,N,Y,Y,Y,N,Y
East Midlands,Nottinghamshire,Mansfield Harriers,Club,Y,Y,Y,N,N,N
East Midlands,Nottinghamshire,Newark AC,Club,Y,Y,Y,N,N,Y
East Midlands,Nottinghamshire,Newark Striders Running Club,Club,N,Y,Y,N,N,Y
East Midlands,Nottinghamshire,Notfast RC,Club,Y,Y,Y,Y,Y,Y
East Midlands,Nottinghamshire,Notts AC,Club,Y,Y,Y,Y,N,N
East Midlands,Nottinghamshire,Notts Women Runners,Club,N,Y,Y,N,N,Y
East Midlands,Nottinghamshire,Redhill Road Runners,Club,N,Y,Y,Y,N,N
East Midlands,Nottinghamshire,Retford AC,Club,Y,Y,Y,Y,N,N
East Midlands,Nottinghamshire,Rushcliffe AC,Club,Y,Y,Y,N,N,Y
East Midlands,Nottinghamshire,Southwell Running Club,Club,N,Y,Y,Y,N,N
East Midlands,Nottinghamshire,Sutton in Ashfield Harriers & AC,Club,Y,Y,Y,Y,N,N
East Midlands,Nottinghamshire,TFN Tri Club,Club,N,Y,Y,Y,N,Y
East Midlands,Nottinghamshire,University of Nottingham AC,Club,Y,Y,Y,N,N,Y
East Midlands,Nottinghamshire,Unsanctioned Athletics,Club,Y,Y,Y,Y,Y,Y
East Midlands,Nottinghamshire,Vegan Runners UK,Virtual Club,N,Y,Y,N,N,N
East Midlands,Nottinghamshire,Woodthorpe Huffers & Puffers,Club,N,Y,Y,N,N,N
East Midlands,Nottinghamshire,Worksop Harriers,Club,Y,Y,Y,N,N,N
London,Essex,Barking Road Runners,Club,N,Y,Y,N,N,N
London,Essex,Dagenham 88 Runners,Club,N,Y,Y,N,N,N
London,Essex,East London Runners,Club,Y,Y,Y,N,N,N
London,Essex,Havering '90 Joggers,Club,N,Y,Y,N,N,N
London,Essex,Havering AC,Club,Y,Y,Y,N,Y,N
London,Essex,Ilford AC,Club,Y,Y,Y,Y,Y,N
London,Essex,Innovation Multisport,Virtual Club,Y,Y,Y,N,N,Y
London,Essex,JBR Run and Tri Club,Club,Y,Y,Y,N,N,Y
London,Essex,Nuclear Races Striders,Club,N,Y,Y,N,N,Y
London,Essex,Orion Harriers,Club,Y,Y,Y,Y,N,N
London,Essex,Woodford Green AC with Essex Ladies,Club,Y,Y,Y,N,N,N
London,Greater London,Be Fit Today Track Academy,Club,Y,N,N,N,N,N
London,Greater London,Best Athletics,Club,N,Y,Y,N,N,Y
London,Greater London,Black Girls Do Run UK,Virtual Club,N,N,Y,N,N,Y
London,Greater London,Emancipated Run Crew,Virtual Club,N,N,Y,N,N,Y
London,Greater London,London City Runners,Club,Y,Y,Y,N,N,Y
London,Greater London,Riverside Harriers,Club,Y,Y,Y,N,N,N
London,Greater London,Thamesmead Running Club,Club,N,Y,Y,N,N,Y
London,Greater London,The Outrunners,Club,N,N,Y,N,N,N
London,Greater London,UCL Running Athletics & Cross Country Club,Club,Y,Y,Y,Y,N,N
London,Greater London,Westside Runnas UK,Club,Y,Y,Y,Y,N,Y
London,Hertfordshire,Barnet & District AC,Club,Y,Y,Y,Y,Y,N
London,Hertfordshire,Black Trail Runners,Virtual Club,N,Y,Y,N,N,Y
London,Hertfordshire,Seven:Ten AC,Club,Y,Y,Y,N,N,N
London,Kent,Beckenham Running Club,Club,N,Y,Y,N,N,Y
London,Kent,Bexley AC,Club,Y,Y,Y,N,Y,N
London,Kent,Blackheath & Bromley Harriers AC,Club,Y,Y,Y,N,Y,Y
London,Kent,Bromley Veterans AC,Club,Y,Y,Y,N,N,N
London,Kent,Cambridge Harriers,Club,Y,Y,Y,Y,Y,Y
London,Kent,Crystal Palace Triathletes,Club,N,Y,Y,N,N,N
London,Kent,Kent AC,Club,Y,Y,Y,N,N,N
London,Kent,Petts Wood Runners,Club,N,Y,Y,Y,N,Y
London,Kent,Plumstead Runners,Club,N,Y,Y,N,N,N
London,Kent,Ravens School Runners,Club,N,Y,Y,N,N,N
London,Kent,Zero to Hero Runners,Club,N,Y,Y,N,N,N
London,London,1% Running Club,Virtual Club,N,Y,Y,N,N,N
London,London,100 Marathon Club,Club,N,N,Y,N,N,Y
London,London,ASRA Club,Club,Y,Y,Y,Y,Y,Y
London,London,Barnes Runners,Club,N,Y,Y,N,N,N
London,London,BornReady Academy,Club,Y,N,N,N,N,N
London,London,Candy Racing,Club,Y,N,Y,N,N,N
London,London,Clapham Pioneers,Club,N,Y,Y,Y,N,N
London,London,Clapham Runners,Club,N,N,Y,N,N,N
London,London,Crystal Palace Fun Runners,Club,N,Y,Y,Y,Y,Y
London,London,DILI Academy,Club,Y,Y,Y,N,N,N
London,London,Dulwich Park Runners,Club,N,Y,Y,N,N,N
London,London,Dulwich Runners AC,Club,N,Y,Y,N,N,N
London,London,Dwain Chambers Sprint Club,Club,Y,N,N,N,N,N
London,London,East End Road Runners,Club,N,N,Y,N,N,N
London,London,Eton Manor AC,Club,Y,Y,Y,N,N,N
London,London,Fulham Running Club,Club,Y,Y,Y,Y,N,Y
London,London,Ful-On Tri Club,Club,Y,Y,Y,Y,N,Y
London,London,Gipsy Hill Run Club,Club,N,N,Y,N,N,N
London,London,Greenwich Tritons Triathlon Club,Club,N,Y,Y,Y,N,Y
London,London,Imperial College Union Cross-Country and AC,Club,Y,Y,Y,N,N,N
London,London,King's College London Athletics and Cross Country Club,Club,Y,Y,Y,Y,N,Y
London,London,Momentum Track Club,Club,Y,Y,Y,N,N,N
London,London,NEJ Running Club,Club,N,Y,Y,N,N,N
London,London,Newham & Essex Beagles AC,Club,Y,Y,Y,N,N,N
London,London,Optima Racing Team,Club,N,Y,Y,Y,N,Y
London,London,Orpington Road Runners,Club,N,Y,Y,N,N,N
London,London,QBE Running Club,Club,N,Y,Y,N,N,N
London,London,Queer Running Club,Club,N,N,Y,N,N,N
London,London,Ranelagh Harriers,Club,N,Y,Y,Y,N,Y
London,London,Ravens City of London Running Club,Club,N,Y,Y,N,N,N
London,London,Runhead AC,Club,N,Y,Y,N,N,Y
London,London,Runna,Virtual Club,N,N,Y,N,N,Y
London,London,S Factor Athletics Academy,Club,Y,Y,Y,N,N,N
London,London,Southwark Athletics Club,Club,Y,Y,Y,N,N,N
London,London,Thames Hare & Hounds,Club,N,Y,Y,N,N,N
London,London,Track Academy,Club,Y,N,N,N,N,N
London,London,UFFO Athletic Satellite Clubs,Club,Y,Y,Y,N,Y,N
London,London,Veterans AC,Club,Y,Y,Y,N,Y,N
London,London,Weir Archer Academy,Club,Y,N,Y,N,N,N
London,London,Wimbledon Windmilers,Club,N,Y,Y,Y,Y,N
London,London,Windrush Triathlon Club,Club,Y,Y,Y,N,N,Y
London,Middlesex,23 Mile Running Club,Club,N,Y,Y,N,N,N
London,Middlesex,Defra AC,Club,N,Y,Y,N,Y,Y
London,Middlesex,Ealing Eagles Running Club,Club,Y,Y,Y,N,N,Y
London,Middlesex,Ealing Southall & Middlesex AC,Club,Y,Y,Y,N,N,N
London,Middlesex,Edmonton RC,Club,N,Y,Y,N,N,Y
London,Middlesex,Enfield and Haringey A C,Club,Y,Y,Y,N,Y,N
London,Middlesex,Enfield Chasers,Club,N,Y,Y,N,N,Y
London,Middlesex,Harrow AC,Club,Y,Y,Y,N,N,N
London,Middlesex,Hayes & Harlington Road Runners,Club,N,Y,Y,N,N,N
London,Middlesex,Highgate Harriers,Club,Y,Y,Y,Y,N,N
London,Middlesex,Hillingdon AC,Club,Y,Y,Y,Y,Y,Y
London,Middlesex,London Frontrunners,Club,N,Y,Y,Y,N,N
London,Middlesex,London Heathside,Club,Y,Y,Y,Y,N,Y
London,Middlesex,Metropolitan Police AC,Club,Y,Y,Y,N,N,N
London,Middlesex,Metros RC,Club,N,Y,Y,N,Y,Y
London,Middlesex,Mornington Chasers,Club,N,Y,Y,N,N,N
London,Middlesex,Queen's Park Harriers,Club,Y,Y,Y,Y,Y,N
London,Middlesex,Ruislip RC,Club,Y,N,Y,N,N,N
London,Middlesex,Serpentine Running and Triathlon Club,Club,Y,Y,Y,Y,N,Y
London,Middlesex,SHAEF Shifters Running Club,Club,Y,Y,Y,Y,N,Y
London,Middlesex,Shaftesbury Barnet Harriers,Club,Y,Y,Y,N,N,N
London,Middlesex,St Mary's Richmond AC,Club,Y,Y,Y,N,N,N
London,Middlesex,St Mary's University Athletics Club,Club,Y,Y,Y,N,N,N
London,Middlesex,Sudbury Court Running Club,Club,N,Y,Y,N,N,N
London,Middlesex,Thames Turbo Triathlon Club,Club,Y,Y,Y,Y,N,Y
London,Middlesex,Thames Valley Harriers,Club,Y,Y,Y,N,Y,N
London,Middlesex,The Stragglers Running Club,Club,N,Y,Y,N,N,N
London,Middlesex,Trent Park Running Club,Club,N,Y,Y,N,N,N
London,Middlesex,Tri London,Club,N,N,Y,N,N,N
London,Middlesex,Victoria Park Harriers and Tower Hamlets AC,Club,Y,Y,Y,Y,N,N
London,Middlesex,West 4 Harriers,Club,N,Y,Y,N,N,N
London,Middlesex,West London Track and Field,Club,Y,N,N,N,N,N
London,Surrey,26.2 Road Runners Club,Club,N,Y,Y,N,N,N
London,Surrey,Achilles Club,Club,Y,Y,Y,N,N,N
London,Surrey,Belgrave Harriers,Club,Y,Y,Y,N,Y,N
London,Surrey,British Airways AC,Club,Y,Y,Y,N,N,N
London,Surrey,Clapham Chasers,Club,Y,Y,Y,N,N,Y
London,Surrey,Collingwood AC,Club,N,Y,Y,N,N,Y
London,Surrey,Croydon Harriers,Club,Y,Y,Y,N,Y,N
London,Surrey,Hercules Wimbledon AC,Club,Y,Y,Y,N,Y,N
London,Surrey,Herne Hill Harriers,Club,Y,Y,Y,N,N,N
London,Surrey,Kingston AC And Poly Harriers,Club,Y,Y,Y,N,N,N
London,Surrey,Kingston University Athletics Club,Club,Y,Y,N,N,N,N
London,Surrey,South London Harriers,Club,Y,Y,Y,Y,N,N
London,Surrey,Sri Chinmoy Marathon Team,Club,N,N,Y,Y,N,Y
London,Surrey,Striders Of Croydon,Club,Y,Y,Y,N,N,N
London,Surrey,Sutton & District AC,Club,Y,Y,N,N,N,N
London,Surrey,Sutton Runners,Club,N,Y,Y,N,N,N
London,Surrey,Sutton Striders,Club,N,Y,Y,N,N,N
North East,Cleveland,Billingham Running Club,Club,N,Y,Y,Y,N,Y
North East,Cleveland,Boro Runners,Club,N,Y,Y,N,N,N
North East,Cleveland,TS Harriers,Club,Y,Y,Y,Y,N,Y
North East,County Durham,Aurora Harriers,Club,N,Y,Y,Y,N,N
North East,County Durham,Aycliffe Running Club,Club,N,Y,Y,N,N,N
North East,County Durham,Birtley AC,Club,Y,Y,Y,N,N,N
North East,County Durham,Blackhill Bounders,Club,N,Y,Y,Y,N,Y
North East,County Durham,Chester Le Street & Dist AC,Club,Y,Y,Y,N,N,N
North East,County Durham,Crook & Dist Sports AC,Club,Y,Y,Y,N,N,Y
North East,County Durham,Derwent Valley Running Club,Club,Y,Y,Y,Y,N,Y
North East,County Durham,Derwent Valley Trail Runners,Club,N,Y,N,Y,N,Y
North East,County Durham,Derwentside AC,Club,Y,Y,Y,Y,Y,Y
North East,County Durham,Durham City Harriers & AC,Club,Y,Y,Y,N,N,N
North East,County Durham,Durham Fell Runners,Club,N,N,N,Y,N,N
North East,County Durham,Durham University Athletics & Cross Country Club,Club,Y,Y,Y,Y,N,N
North East,County Durham,East Durham Running Club,Club,N,Y,Y,Y,N,Y
North East,County Durham,Elvet Striders,Club,Y,Y,Y,Y,N,N
North East,County Durham,Evenwood Road Runners,Club,N,N,Y,Y,N,N
North East,County Durham,Hartlepool Athletics Club,Club,Y,Y,N,N,N,N
North East,County Durham,Houghton Harriers & AC,Club,Y,Y,Y,N,Y,N
North East,County Durham,Hunwick Harriers,Club,Y,Y,Y,Y,N,Y
North East,County Durham,Orchard Eagles Running Club,Club,Y,Y,Y,Y,Y,Y
North East,County Durham,Phoenix Flyers AC,Club,Y,Y,Y,N,N,N
North East,County Durham,Run Peterlee,Club,Y,Y,Y,Y,N,Y
North East,County Durham,Sedgefield Harriers,Club,Y,Y,Y,Y,N,Y
North East,County Durham,Shildon Running & AC,Club,Y,Y,N,N,N,N
North East,County Durham,Teesdale AC,Club,Y,Y,Y,N,N,N
North East,County Durham,Tempest Running Club,Club,N,N,Y,N,N,Y
North East,Northumberland,Allen Valley Striders,Club,N,Y,Y,Y,N,N
North East,Northumberland,Alnwick Harriers,Club,Y,Y,Y,Y,N,Y
North East,Northumberland,Ashington Hirst Running Club,Club,N,Y,Y,N,N,Y
North East,Northumberland,Blyth Running Club,Club,Y,Y,Y,Y,N,N
North East,Northumberland,Morpeth Harriers & AC,Club,Y,Y,Y,Y,Y,Y
North East,Northumberland,Northumberland Fell Runners,Club,N,N,N,Y,N,N
North East,Northumberland,Prudhoe Plodders Running Club,Club,Y,Y,Y,Y,Y,Y
North East,Northumberland,Saltwell Harriers,Club,N,Y,Y,Y,N,N
North East,Northumberland,Stocksfield Striders,Club,N,Y,Y,Y,N,N
North East,Northumberland,Tweed Striders,Club,Y,Y,Y,N,N,N
North East,Northumberland,Tynedale Harriers & AC,Club,Y,Y,Y,Y,N,Y
North East,Tees Valley,Billingham Marsh Hse H & AC,Club,Y,Y,Y,Y,N,Y
North East,Tees Valley,Darlington H & AC,Club,Y,Y,Y,N,N,N
North East,Tees Valley,Darlington Triathlon Club,Club,N,Y,Y,N,N,N
North East,Tees Valley,Hartlepool Burn Road Harriers,Club,Y,Y,Y,Y,N,N
North East,Tees Valley,Middlesbrough & Cleveland Harriers,Club,Y,Y,Y,Y,Y,N
North East,Tees Valley,Middlesbrough Athletic Club (Mandale),Club,Y,Y,Y,N,N,N
North East,Tees Valley,New Marske Harriers Club,Club,Y,Y,Y,N,N,Y
North East,Tees Valley,North East Project,Club,Y,Y,Y,Y,Y,Y
North East,Tees Valley,North York Moors AC,Club,N,Y,Y,Y,N,N
North East,Tees Valley,Quakers Running Club,Club,Y,Y,Y,Y,N,Y
North East,Tees Valley,Redcar Running Club,Club,N,Y,Y,Y,N,N
North East,Tees Valley,Stockton Striders AC,Club,Y,Y,Y,Y,N,Y
North East,Tyne And Wear,Blaydon Harrier & AC,Club,Y,Y,Y,N,N,N
North East,Tyne And Wear,Claremont Road Runners,Club,N,Y,Y,Y,N,N
North East,Tyne And Wear,Elswick Harriers,Club,Y,Y,Y,Y,N,N
North East,Tyne And Wear,Gateshead Harriers & AC,Club,Y,Y,Y,N,N,N
North East,Tyne And Wear,Gosforth Harriers & AC,Club,Y,Y,Y,N,N,N
North East,Tyne And Wear,Heaton Harriers & Athletics Club Limited,Club,Y,Y,Y,N,N,N
North East,Tyne And Wear,Jarrow & Hebburn AC,Club,Y,Y,Y,N,Y,N
North East,Tyne And Wear,Jesmond Joggers,Club,N,Y,Y,N,N,N
North East,Tyne And Wear,Low Fell RC,Club,Y,Y,Y,Y,N,Y
North East,Tyne And Wear,Newburn Running Club,Club,N,Y,Y,N,N,Y
North East,Tyne And Wear,Newcastle Frontrunners,Club,Y,Y,Y,Y,Y,Y
North East,Tyne And Wear,Newcastle University AC,Club,Y,Y,N,N,N,N
North East,Tyne And Wear,North East Veterans AC,Club,Y,Y,Y,Y,Y,N
North East,Tyne And Wear,North Shields Polytechnic Club,Club,Y,Y,Y,Y,N,N
North East,Tyne And Wear,Northumbria University,Club,Y,Y,Y,N,N,N
North East,Tyne And Wear,Ponteland Runners,Club,N,N,Y,N,N,N
North East,Tyne And Wear,Red Kite Runners,Club,N,Y,Y,Y,Y,Y
North East,Tyne And Wear,RES Run Club,Virtual Club,N,Y,Y,N,N,Y
North East,Tyne And Wear,RunThrough Run Club,Club,Y,Y,Y,Y,N,Y
North East,Tyne And Wear,South Shields Harriers & AC,Club,Y,Y,Y,Y,N,N
North East,Tyne And Wear,South Shields Tri Club,Club,N,Y,Y,Y,N,N
North East,Tyne And Wear,Sunderland Harriers & AC,Club,Y,Y,Y,N,N,Y
North East,Tyne And Wear,Sunderland Strollers,Club,Y,Y,Y,Y,N,N
North East,Tyne And Wear,Team COCO,Club,N,N,Y,N,N,N
North East,Tyne And Wear,Tyne & Wear Fire Running Section,Club,Y,Y,Y,Y,N,N
North East,Tyne And Wear,Tyne Bridge Harriers,Club,Y,Y,Y,Y,N,N
North East,Tyne And Wear,Vector Racing,Club,Y,Y,Y,Y,N,Y
North East,Tyne And Wear,Wallsend Harriers & AC,Club,Y,Y,Y,Y,N,N
North East,Tyne And Wear,Washington Running Club,Club,N,N,Y,N,N,Y
North East,Tyne And Wear,Wearside Triathlon Club,Club,Y,Y,Y,Y,N,Y
North West,Cheshire,Boalloy Running Club,Club,Y,Y,Y,N,N,N
North West,Cheshire,Cheshire Dragons,Club,Y,Y,Y,Y,N,Y
North West,Cheshire,Cheshire Hill Racers,Club,N,N,N,Y,N,N
North West,Cheshire,Chester Road Runners,Club,Y,Y,Y,Y,N,Y
North West,Cheshire,Chester Triathlon Club,Club,Y,Y,Y,Y,N,Y
North West,Cheshire,Congleton Harriers,Club,N,Y,Y,Y,N,N
North West,Cheshire,Crewe and Nantwich AC,Club,Y,Y,N,N,N,N
North West,Cheshire,Delamere Spartans,Club,N,Y,Y,Y,N,Y
North West,Cheshire,Ellesmere Port RC,Club,N,Y,Y,N,N,N
North West,Cheshire,Halton & Frodsham Harriers,Club,Y,Y,N,N,N,N
North West,Cheshire,Handforth Wilmslow Alderley,Club,Y,Y,N,N,N,N
North West,Cheshire,Heald Green Runners,Club,N,Y,Y,Y,N,Y
North West,Cheshire,Helsby Running Club,Club,Y,Y,Y,Y,N,Y
North West,Cheshire,Knutsford Tri Club,Club,Y,Y,Y,Y,N,Y
North West,Cheshire,Lymm Runners,Club,N,Y,Y,N,N,Y
North West,Cheshire,Macclesfield Harriers & AC,Club,Y,Y,Y,Y,N,N
North West,Cheshire,MadRunners,Virtual Club,Y,N,Y,N,N,Y
North West,Cheshire,Nantwich Running Club,Club,N,Y,Y,N,N,Y
North West,Cheshire,Northwich Running Club,Club,N,Y,Y,N,N,Y
North West,Cheshire,Rock Salt Runners,Club,N,Y,Y,Y,N,Y
North West,Cheshire,Run Middlewich,Club,N,Y,Y,N,N,N
North West,Cheshire,Run Sandymoor,Club,N,Y,Y,Y,N,Y
North West,Cheshire,Running Bear,Virtual Club,Y,Y,Y,Y,N,Y
North West,Cheshire,Sandbach Striders,Club,N,N,Y,N,N,N
North West,Cheshire,South Cheshire Harriers,Club,N,Y,Y,Y,N,N
North West,Cheshire,Spectrum Striders,Club,N,Y,Y,Y,N,Y
North West,Cheshire,Stride Running Club,Club,N,Y,Y,Y,N,N
North West,Cheshire,Styal Running Club,Club,N,Y,Y,N,N,N
North West,Cheshire,Tattenhall Runners,Club,N,Y,Y,Y,N,Y
North West,Cheshire,Twisted Running,Virtual Club,N,N,Y,Y,N,Y
North West,Cheshire,Vale Royal AC,Club,Y,Y,Y,Y,N,Y
North West,Cheshire,Warrington A C,Club,Y,Y,Y,Y,N,N
North West,Cheshire,Warrington Road Runners,Club,N,Y,Y,N,N,N
North West,Cheshire,Warrington Running Club,Club,N,Y,Y,N,N,N
North West,Cheshire,West Cheshire Athletic Club,Club,Y,Y,Y,N,Y,N
North West,Cheshire,Widnes Running Club,Club,N,Y,Y,Y,N,Y
North West,Cheshire,Widnes Wasps Ladies R C,Club,N,Y,Y,N,N,N
North West,Cheshire,Wilmslow Running Club,Club,N,Y,Y,N,N,N
North West,Cheshire,Wilmslow Striders,Club,N,Y,Y,Y,N,N
North West,Cumbria,Achille Ratti Climbing Club,Club,N,N,N,Y,N,N
North West,Cumbria,Ambleside AC,Club,N,Y,N,Y,N,N
North West,Cumbria,Barrow & Furness Striders AC,Club,Y,Y,Y,Y,N,N
North West,Cumbria,Black Combe Runners,Club,N,N,N,Y,N,N
North West,Cumbria,BodyFit Cumbria Running Club,Club,Y,Y,Y,N,N,Y
North West,Cumbria,Border Harriers & AC,Club,Y,Y,Y,N,N,N
North West,Cumbria,Borrowdale Fell Runners,Club,N,N,N,Y,N,N
North West,Cumbria,Carlisle Aspatria AC,Club,Y,Y,N,N,N,N
North West,Cumbria,Carlisle Tri Club,Club,N,N,Y,N,N,N
North West,Cumbria,Copeland AC,Club,Y,N,N,N,N,N
North West,Cumbria,Cumberland AC,Club,Y,Y,Y,Y,Y,Y
North West,Cumbria,Cumberland Fell Runners,Club,N,Y,Y,Y,N,N
North West,Cumbria,Cumbria School of Hammer (CUSH),Club,Y,N,N,N,N,N
North West,Cumbria,Dallam Running Club,Club,N,Y,Y,Y,N,Y
North West,Cumbria,Derwent AC Cockermouth,Club,N,Y,Y,Y,N,Y
North West,Cumbria,DH Runners,Club,N,Y,Y,N,N,N
North West,Cumbria,Eden Runners,Club,Y,Y,Y,Y,N,N
North West,Cumbria,Ellenborough AC,Club,Y,Y,Y,Y,N,N
North West,Cumbria,Helm Hill Runners,Club,N,Y,N,Y,N,N
North West,Cumbria,Hoad Hill Harriers,Club,Y,Y,Y,N,N,N
North West,Cumbria,Howgill Harriers,Club,N,N,Y,Y,N,N
North West,Cumbria,Kendal Amateur Athletic Club,Club,Y,Y,Y,Y,Y,N
North West,Cumbria,Keswick AC,Club,N,Y,Y,Y,N,Y
North West,Cumbria,Leven Valley AC,Club,Y,Y,Y,Y,N,Y
North West,Cumbria,Maryport CSC,Club,N,Y,Y,Y,N,Y
North West,Cumbria,Millom Striders,Club,Y,Y,Y,N,N,N
North West,Cumbria,Netherhall AC,Club,N,Y,Y,Y,N,N
North West,Cumbria,Northern Fells Running Club,Club,N,Y,Y,Y,N,Y
North West,Cumbria,Seaton Athletic Club,Club,Y,Y,N,Y,N,N
North West,Cumbria,Sedbergh School Running Club,Club,Y,Y,Y,Y,N,Y
North West,Cumbria,St Bees Triers,Club,N,Y,Y,Y,N,Y
North West,Cumbria,Tri-Lakeland,Club,N,Y,Y,Y,N,N
North West,Cumbria,Walney Wind Cheetahs,Club,N,Y,Y,N,N,N
North West,Cumbria,Wigton Road Runners,Club,N,Y,Y,Y,N,Y
North West,Greater Manchester,Altrincham & District Athletic Club Limited,Club,Y,Y,Y,Y,Y,N
North West,Greater Manchester,Astley & Tyldesley Road Runners,Club,N,Y,Y,Y,N,Y
North West,Greater Manchester,Belle Vue Racers,Club,N,Y,Y,Y,N,Y
North West,Greater Manchester,Blackley North Manchester AC,Club,Y,Y,Y,N,N,N
North West,Greater Manchester,Bolton Triathlon Club,Club,Y,Y,Y,Y,N,Y
North West,Greater Manchester,Bolton United Harriers & AC,Club,Y,Y,Y,Y,N,N
North West,Greater Manchester,Bramhall Runners,Club,N,Y,Y,Y,N,Y
North West,Greater Manchester,Burnden Road Runners,Club,Y,Y,Y,Y,N,Y
North West,Greater Manchester,Bury Athletic Club,Club,Y,Y,Y,Y,N,N
North West,Greater Manchester,Chorlton Runners,Club,N,Y,Y,Y,N,N
North West,Greater Manchester,Didsbury Runners,Club,N,Y,Y,N,N,Y
North West,Greater Manchester,Dragons Running Club (Sale),Club,N,Y,Y,Y,N,N
North West,Greater Manchester,East Cheshire Harriers & Tameside AC,Club,Y,Y,Y,Y,N,Y
North West,Greater Manchester,Horwich R M I Harriers,Club,Y,Y,Y,Y,N,N
North West,Greater Manchester,Hyde Village Striders,Club,N,Y,Y,Y,N,N
North West,Greater Manchester,LABC Runners,Club,N,Y,Y,Y,N,Y
North West,Greater Manchester,Lancashire Walking Club,Club,N,N,N,N,Y,N
North West,Greater Manchester,Leigh Harriers & AC,Club,Y,Y,Y,Y,N,N
North West,Greater Manchester,Littleborough Runners,Club,N,Y,Y,Y,N,Y
North West,Greater Manchester,Lostock AC,Club,N,Y,Y,Y,N,Y
North West,Greater Manchester,Manchester Frontrunners,Club,N,Y,Y,N,N,N
North West,Greater Manchester,Manchester Harriers & AC,Club,Y,Y,Y,Y,N,Y
North West,Greater Manchester,Manchester Metropolitan University,Club,Y,Y,Y,Y,N,Y
North West,Greater Manchester,Manchester Road Runners,Club,N,Y,Y,N,N,Y
North West,Greater Manchester,Manchester Triathlon Club,Club,Y,Y,Y,N,N,N
North West,Greater Manchester,Manchester YMCA Harriers,Club,N,Y,Y,N,N,N
North West,Greater Manchester,Marple Runners,Club,N,Y,Y,Y,N,Y
North West,Greater Manchester,Middleton Harriers AC,Club,Y,Y,Y,Y,N,Y
North West,Greater Manchester,Mile Shy Club,Club,N,N,Y,N,N,Y
North West,Greater Manchester,Oldham & Royton H & AC,Club,Y,Y,Y,Y,N,Y
North West,Greater Manchester,Prestwich AC,Club,N,N,Y,N,N,Y
North West,Greater Manchester,Quays Running Club,Club,N,Y,Y,Y,N,Y
North West,Greater Manchester,Radcliffe AC,Club,Y,Y,Y,Y,N,Y
North West,Greater Manchester,Robin Park Runners,Club,N,N,Y,N,N,N
North West,Greater Manchester,Rochdale Harriers & AC,Club,Y,Y,Y,Y,N,Y
North West,Greater Manchester,Royton Road Runners,Club,Y,Y,Y,Y,Y,Y
North West,Greater Manchester,Saddleworth Runners Club,Club,N,Y,Y,Y,N,N
North West,Greater Manchester,Sale Harriers Manchester,Club,Y,Y,Y,Y,N,N
North West,Greater Manchester,Salford Harriers & AC,Club,N,Y,Y,Y,N,Y
North West,Greater Manchester,Salford Metropolitan AC,Club,Y,Y,Y,N,N,N
North West,Greater Manchester,Sip Running Club,Club,Y,N,Y,Y,N,Y
North West,Greater Manchester,Stockport Harriers & AC,Club,Y,Y,Y,Y,N,Y
North West,Greater Manchester,Stockport Tri Club,Club,N,Y,Y,Y,N,Y
North West,Greater Manchester,Swinton Running Club,Club,N,Y,Y,N,N,Y
North West,Greater Manchester,Trafford Athletic Club,Club,Y,Y,Y,Y,N,N
North West,Greater Manchester,University of Manchester Ath & XC Club,Club,Y,Y,Y,N,N,N
North West,Greater Manchester,Wigan & District H & AC,Club,Y,Y,Y,N,N,N
North West,Greater Manchester,Wigan Phoenix,Club,N,Y,Y,Y,N,Y
North West,Greater Manchester,Winston Runners,Club,N,Y,Y,N,N,N
North West,Greater Manchester,xxx Didsbury Northern,Club,N,Y,N,N,Y,N
North West,Isle Of Man,Isle Of Man Veterans AC,Club,Y,Y,Y,Y,Y,N
North West,Isle Of Man,Manx Fell Runners,Club,Y,Y,Y,Y,Y,N
North West,Isle Of Man,Manx Harriers,Club,Y,Y,Y,Y,Y,Y
North West,Isle Of Man,Northern (Isle of Man) AC,Club,Y,Y,Y,N,N,N
North West,Isle Of Man,Western Athletic Club (Isle of Man),Club,Y,N,Y,N,N,N
North West,Lancashire,Accrington Road Runners,Club,N,Y,Y,Y,N,N
North West,Lancashire,Barlick Fell Runners,Club,N,Y,Y,Y,N,Y
North West,Lancashire,Bentham Beagles Running Club,Club,N,N,Y,N,N,N
North West,Lancashire,Billinge Running Club,Club,N,Y,Y,Y,N,Y
North West,Lancashire,Blackburn Harriers & AC,Club,Y,Y,Y,Y,N,Y
North West,Lancashire,Blackburn Road Runners,Club,N,Y,Y,Y,N,N
North West,Lancashire,Blackpool Wyre & Fylde AC,Club,Y,Y,Y,Y,Y,Y
North West,Lancashire,Bowland Fell Runners,Club,N,N,N,Y,N,N
North West,Lancashire,Burnley AC,Club,Y,Y,Y,N,N,N
North West,Lancashire,Central Lancs Running & Triathlon Club (CLAN),Club,N,N,Y,Y,N,Y
North West,Lancashire,Chorley Athletic and Triathlon Club,Club,Y,Y,Y,Y,Y,Y
North West,Lancashire,Clayton-le-Moors Harriers,Club,N,Y,Y,Y,N,N
North West,Lancashire,Cutacre Running Club,Club,N,Y,Y,Y,N,Y
North West,Lancashire,Darwen Dashers RC,Club,N,Y,Y,Y,N,Y
North West,Lancashire,Freck & Warton Running Club,Club,N,Y,Y,Y,Y,Y
North West,Lancashire,Fylde Coast Runners,Club,N,N,Y,N,N,N
North West,Lancashire,Garstang Running Club,Club,N,Y,Y,N,N,N
North West,Lancashire,GinPit Flyers,Club,N,Y,Y,N,N,Y
North West,Lancashire,Holcombe Harriers,Club,N,N,Y,Y,Y,Y
North West,Lancashire,Howfen Runners,Club,N,N,Y,Y,N,Y
North West,Lancashire,Hyndburn AC,Club,Y,Y,N,N,N,N
North West,Lancashire,Lancashire Constabulary Athletics Section,Club,Y,Y,Y,Y,Y,Y
North West,Lancashire,Lancashire Fire & Rescue Service & AA,Club,N,Y,Y,Y,N,N
North West,Lancashire,Lancaster & Morecambe AC,Club,Y,Y,Y,Y,N,N
North West,Lancashire,Lancaster Runners,Club,N,N,Y,N,N,N
North West,Lancashire,Lancaster University Running & Athletics Club,Club,N,Y,Y,N,N,Y
North West,Lancashire,Levenshulme Runners,Club,N,Y,Y,Y,N,Y
North West,Lancashire,Lions Running Community,Club,N,N,Y,Y,N,Y
North West,Lancashire,Lytham St Annes RR Club,Club,Y,Y,Y,Y,N,N
North West,Lancashire,Mossley Running Club,Club,N,N,Y,N,N,N
North West,Lancashire,North Bolton Runners,Club,N,N,Y,N,N,Y
North West,Lancashire,Northern Masters AC,Club,Y,Y,Y,N,N,Y
North West,Lancashire,Parbold Pink Panthers,Club,N,Y,Y,Y,N,Y
North West,Lancashire,Pendle Athletic Club,Club,Y,Y,Y,Y,N,N
North West,Lancashire,Pendle Trail Running Club,Club,N,N,Y,Y,N,Y
North West,Lancashire,Preston Harriers,Club,Y,Y,Y,Y,N,Y
North West,Lancashire,Ramsbottom Running Club,Club,N,Y,Y,Y,N,Y
North West,Lancashire,Red Rose Road Runners,Club,N,Y,Y,Y,N,N
North West,Lancashire,Ribble Valley Runners,Club,N,Y,Y,Y,N,Y
North West,Lancashire,Riversway Road Runners,Club,N,N,Y,N,N,N
North West,Lancashire,Rochdale Tri Club,Club,Y,Y,Y,Y,N,Y
North West,Lancashire,Rossendale Harriers & AC,Club,N,Y,Y,Y,N,Y
North West,Lancashire,Runfit Chorley,Club,N,N,Y,N,N,Y
North West,Lancashire,Skelmersdale Boundary Harriers,Club,N,Y,Y,N,N,N
North West,Lancashire,Skelmersdale Running Club,Club,N,Y,Y,Y,N,Y
North West,Lancashire,South Ribble Runners,Club,N,Y,Y,N,N,N
North West,Lancashire,Thornton Cleveleys Running Club,Club,N,Y,Y,Y,N,Y
North West,Lancashire,Trawden Athletic Club,Club,N,Y,Y,Y,N,Y
North West,Lancashire,Tri Preston,Club,N,Y,Y,N,N,Y
North West,Lancashire,Wesham Road Runners & AC,Club,Y,Y,Y,Y,N,Y
North West,Lancashire,Winter Hill Runners,Club,N,Y,Y,Y,N,Y
North West,Lancashire,Wythenshawe & Northenden Runners,Club,N,Y,Y,N,N,Y
North West,Merseyside,Birkenhead AC,Club,N,Y,Y,N,N,N
North West,Merseyside,Birkenhead Park Running Club,Club,N,N,Y,N,N,Y
North West,Merseyside,Hoylake Road Runners,Club,N,N,Y,N,N,N
North West,Merseyside,Kirkby AC,Club,Y,N,Y,N,N,N
North West,Merseyside,Kirkby Milers AC,Club,Y,Y,Y,N,N,N
North West,Merseyside,Knowsley Harriers,Club,Y,Y,Y,N,N,N
North West,Merseyside,Liverpool Harriers & AC,Club,Y,Y,Y,N,N,N
North West,Merseyside,Liverpool Pembroke & Sefton H AC,Club,Y,Y,Y,N,N,Y
North West,Merseyside,Liverpool Running Bugs,Club,N,Y,Y,Y,N,Y
North West,Merseyside,Liverpool Running Club,Club,N,Y,Y,Y,N,N
North West,Merseyside,Marsh Lane Harriers,Club,N,Y,Y,N,N,Y
North West,Merseyside,Mersey Tri,Club,N,Y,Y,Y,N,Y
North West,Merseyside,Merseyside Fire & Rescue Service Running Club,Club,N,Y,Y,Y,N,Y
North West,Merseyside,Mikkeller Running Club Liverpool,Club,Y,Y,Y,N,N,N
North West,Merseyside,Mossley Hill AC,Club,Y,Y,Y,N,N,N
North West,Merseyside,Penny Lane Striders,Club,N,Y,Y,Y,N,N
North West,Merseyside,Pensby Runners,Club,N,Y,Y,Y,N,N
North West,Merseyside,Rainford Runners and Multi Sport (RRAMS),Virtual Club,Y,Y,Y,Y,N,Y
North West,Merseyside,Running Head First,Club,Y,Y,Y,Y,Y,Y
North West,Merseyside,Southport Strollers Running Club,Club,N,Y,Y,N,N,Y
North West,Merseyside,Southport Waterloo AC,Club,Y,Y,Y,Y,N,N
North West,Merseyside,St Helens Striders,Club,N,Y,Y,N,N,N
North West,Merseyside,St Helens Sutton AC,Club,Y,Y,Y,Y,N,Y
North West,Merseyside,Sunlight Runners,Club,N,Y,Y,Y,N,Y
North West,Merseyside,UTS Running Club,Club,Y,Y,Y,Y,N,Y
North West,Merseyside,Wallasey Athletic Club,Club,Y,Y,Y,N,N,N
North West,Merseyside,Warriors Pentathlon & Athletic Club,Club,N,Y,Y,Y,N,Y
North West,Merseyside,Wirral AC,Club,Y,Y,Y,Y,Y,Y
South East,Merseyside,Fordy Runs Running Club,Virtual Club,N,N,Y,N,N,N
South East,Merseyside,Milocarian AC,Club,N,Y,Y,N,N,N
South East,Merseyside,Redway Runners,Club,N,Y,Y,N,N,N
South East,Berkshire,Bracknell AC,Club,Y,Y,N,N,N,N
South East,Berkshire,Bracknell Forest Runners,Club,Y,N,Y,N,N,N
South East,Berkshire,Compton Harriers RC,Club,N,Y,Y,Y,N,Y
South East,Berkshire,Datchet Dashers,Club,N,Y,Y,N,N,N
South East,Berkshire,Hungerford Hares RC,Club,N,Y,Y,N,N,N
South East,Berkshire,Maidenhead AC,Club,Y,Y,Y,N,N,N
South East,Berkshire,Nepal Run,Virtual Club,Y,Y,Y,Y,N,Y
South East,Berkshire,Newbury AC,Club,Y,Y,Y,Y,Y,Y
South East,Berkshire,Reading AC,Club,Y,Y,Y,N,Y,N
South East,Berkshire,Reading Joggers,Club,N,N,Y,N,N,Y
South East,Berkshire,Reading Roadrunners,Club,N,Y,Y,N,N,N
South East,Berkshire,Sandhurst Joggers,Club,N,Y,Y,N,N,N
South East,Berkshire,Slough Junior AC,Club,Y,Y,N,N,N,N
South East,Berkshire,Team Kennet Triathlon & AC,Club,Y,Y,Y,N,N,N
South East,Berkshire,Thames Valley Triathletes,Club,N,Y,Y,N,N,N
South East,Berkshire,Wargrave & Twyford Runners,Club,N,N,Y,N,N,N
South East,Berkshire,Windsor Slough Eton & Hounslow AC,Club,Y,Y,Y,N,N,N
South East,Buckinghamshire,Bearbrook Running & Triathlon Club,Club,N,Y,Y,Y,N,Y
South East,Buckinghamshire,British Wheelchair Athletics Association,Club,Y,N,N,N,N,N
South East,Buckinghamshire,Buckingham & Stowe RC,Club,Y,Y,Y,Y,N,Y
South East,Buckinghamshire,Burnham Joggers,Club,N,Y,Y,Y,N,Y
South East,Buckinghamshire,Chiltern Harriers AC,Club,Y,Y,Y,N,Y,N
South East,Buckinghamshire,Chiltern Trail Runners,Club,N,N,N,Y,N,Y
South East,Buckinghamshire,Finch Coasters,Club,N,Y,Y,N,N,N
South East,Buckinghamshire,Girls That Jeff,Virtual Club,Y,Y,Y,Y,N,Y
South East,Buckinghamshire,Handy Cross Runners,Club,N,Y,Y,N,N,N
South East,Buckinghamshire,Hazlemere Runners,Club,N,Y,Y,N,N,N
South East,Buckinghamshire,Marlow Striders,Club,N,Y,Y,N,N,N
South East,Buckinghamshire,Marshall Milton Keynes AC,Club,Y,Y,Y,Y,Y,N
South East,Buckinghamshire,Milton Keynes Distance Project,Club,Y,Y,Y,Y,Y,Y
South East,Buckinghamshire,MK Lakeside Runners,Club,N,N,Y,N,N,N
South East,Buckinghamshire,Olney Runners AC,Club,N,Y,Y,Y,N,Y
South East,Buckinghamshire,On the Run Aylesbury and Pitstone,Club,N,Y,Y,N,N,Y
South East,Buckinghamshire,Shenley Striders,Club,N,Y,Y,N,N,N
South East,Buckinghamshire,The Running Hub,Virtual Club,Y,Y,Y,N,N,N
South East,Buckinghamshire,Vale Of Aylesbury AC,Club,Y,Y,Y,N,N,N
South East,Buckinghamshire,Verco Joggers,Club,N,N,Y,N,N,N
South East,Buckinghamshire,Wellness Warriors on the Run,Club,N,Y,Y,N,Y,N
South East,Buckinghamshire,Wycombe Phoenix Harriers & AC,Club,Y,Y,Y,N,N,N
South East,Channel Islands,Jersey Spartan AC,Club,Y,N,Y,N,N,Y
South East,East Sussex,Brighton & Hove FrontRunners,Club,N,Y,Y,N,N,Y
South East,East Sussex,Meads Runners,Club,N,Y,Y,N,N,Y
South East,East Sussex,Peacehaven Run Club,Club,N,Y,Y,N,N,Y
South East,East Sussex,Seafront Shufflers,Club,N,Y,Y,N,N,N
South East,East Sussex,Tri Tempo Eastbourne,Club,N,Y,Y,N,N,Y
South East,Essex,Southern Counties Veterans AC,Club,Y,Y,Y,Y,Y,N
South East,Hampshire,Aldershot Farnham & District,Club,Y,Y,Y,Y,Y,N
South East,Hampshire,Alton Runners,Club,N,Y,Y,N,N,N
South East,Hampshire,Andover AC,Club,Y,Y,Y,N,N,N
South East,Hampshire,Army Athletics Association,Club,Y,Y,Y,N,N,N
South East,Hampshire,Basingstoke & Mid Hants AC,Club,Y,Y,Y,Y,N,Y
South East,Hampshire,Blackwater Valley Runners,Club,N,Y,Y,Y,N,Y
South East,Hampshire,Bracknell Road Runners,Club,Y,Y,Y,N,N,Y
South East,Hampshire,Chandler's Ford Swifts Running Club,Club,Y,Y,Y,Y,N,Y
South East,Hampshire,Chineham Park Running Club,Club,N,N,Y,N,N,N
South East,Hampshire,City Of Portsmouth AC,Club,Y,Y,Y,N,N,N
South East,Hampshire,Clanfield Joggers,Club,N,Y,Y,N,N,Y
South East,Hampshire,Cove Joggers,Club,N,Y,Y,N,N,N
South East,Hampshire,Denmead Striders,Club,N,Y,Y,Y,N,Y
South East,Hampshire,Eastleigh RC,Club,N,Y,Y,N,N,N
South East,Hampshire,Fareham Running Club,Club,N,N,Y,Y,N,N
South East,Hampshire,Farnham Runners,Club,N,Y,Y,N,N,N
South East,Hampshire,Farnham Triathlon Club,Club,N,Y,Y,N,N,N
South East,Hampshire,Fleet & Crookham AC,Club,Y,Y,Y,N,Y,N
South East,Hampshire,Gosport Road Runners,Club,N,Y,Y,N,N,N
South East,Hampshire,Guernsey AC,Club,Y,Y,Y,N,N,N
South East,Hampshire,Hamwic Harriers Running Club,Club,N,Y,Y,N,N,N
South East,Hampshire,Hardley Runners,Club,N,Y,Y,Y,N,Y
South East,Hampshire,Hart Road Runners,Club,Y,Y,Y,N,N,N
South East,Hampshire,Hatch Warren Runners,Club,N,Y,Y,N,N,Y
South East,Hampshire,Havant AC,Club,Y,Y,Y,Y,Y,Y
South East,Hampshire,Hedge End Running Club,Club,N,Y,Y,N,N,N
South East,Hampshire,Hook Runners,Club,N,Y,Y,N,N,Y
South East,Hampshire,Isle Of Wight AC,Club,Y,Y,Y,N,Y,N
South East,Hampshire,Isle Of Wight RR AC,Club,N,N,Y,N,N,N
South East,Hampshire,Itchen Spitfires Running Club,Club,N,Y,Y,N,N,N
South East,Hampshire,Liss Runners,Club,N,Y,Y,N,N,N
South East,Hampshire,Lordshill Road Runners,Club,Y,Y,Y,N,N,N
South East,Hampshire,Lymington Triathlon Club,Club,Y,Y,Y,N,N,Y
South East,Hampshire,Netley Abbey Runners,Club,N,Y,Y,N,N,Y
South East,Hampshire,New Forest Junior AC,Club,Y,Y,Y,N,Y,N
South East,Hampshire,New Forest Runners,Club,N,Y,Y,Y,N,N
South East,Hampshire,Olympia Athletics,Club,Y,Y,Y,N,N,Y
South East,Hampshire,Overton Harriers & AC,Club,Y,Y,Y,N,N,Y
South East,Hampshire,Portsmouth Joggers,Club,N,Y,Y,N,N,N
South East,Hampshire,Portsmouth Triathletes,Club,N,Y,N,N,N,N
South East,Hampshire,Romsey Road Runners,Club,N,Y,Y,Y,N,Y
South East,Hampshire,Ryde Harriers,Club,Y,Y,Y,Y,Y,N
South East,Hampshire,Sherfield Park Runners,Club,N,Y,Y,N,N,Y
South East,Hampshire,Solent Running Sisters,Club,N,Y,Y,N,N,N
South East,Hampshire,South of England Track and Field AC,Club,Y,N,Y,N,Y,N
South East,Hampshire,Southampton Athletic Club,Club,Y,Y,Y,N,N,N
South East,Hampshire,Southampton Triathlon Club,Club,N,Y,Y,N,N,N
South East,Hampshire,Southampton University Athletics & Cross Country Club,Club,Y,Y,Y,Y,Y,Y
South East,Hampshire,Stubbington Green Runners,Club,N,Y,Y,N,N,Y
South East,Hampshire,Tadley Runners,Club,N,Y,Y,N,N,N
South East,Hampshire,Totton RC,Club,N,Y,Y,N,N,N
South East,Hampshire,University of Portsmouth Athletics Club,Club,Y,Y,Y,N,N,N
South East,Hampshire,University of Winchester,Club,Y,Y,N,N,N,N
South East,Hampshire,Victory AC,Club,N,Y,Y,N,N,N
South East,Hampshire,West Wight Road Runners,Club,N,Y,Y,N,N,N
South East,Hampshire,Wight Tri,Club,N,Y,Y,N,N,N
South East,Hampshire,Winchester & District AC,Club,Y,Y,Y,N,N,N
South East,Hampshire,Winchester Fit Club RC,Club,N,Y,Y,N,N,Y
South East,Hampshire,Winchester Running Club,Club,N,Y,Y,Y,Y,Y
South East,Isle Of Wight,Isle of Wight Triathlon Club,Club,N,Y,Y,N,N,N
South East,Isle Of Wight,Vectis Academy Race Team,Club,Y,Y,Y,Y,N,Y
South East,Kent,Allstride Collective Running Club,Club,N,N,Y,N,N,N
South East,Kent,Ashford & District RRC,Club,Y,Y,Y,N,N,N
South East,Kent,Ashford AC,Club,Y,Y,Y,N,Y,N
South East,Kent,Ashford Striders RC,Club,N,Y,Y,Y,N,Y
South East,Kent,Ashford Triathlon Club,Club,N,Y,Y,Y,N,Y
South East,Kent,Canterbury Harriers,Club,N,Y,Y,N,N,N
South East,Kent,Central Park Athletics,Club,Y,Y,Y,N,N,Y
South East,Kent,Coastal Striders,Club,N,N,Y,N,N,Y
South East,Kent,Dartford Harriers AC,Club,Y,Y,Y,N,N,N
South East,Kent,Dartford Road Runners,Club,Y,Y,Y,N,N,N
South East,Kent,Deal Tri Club,Club,N,Y,Y,N,N,N
South East,Kent,Dover Road Runners,Club,Y,Y,Y,N,N,N
South East,Kent,Eynsford Running Club,Club,N,Y,Y,N,N,Y
South East,Kent,Faversham Running Club,Club,N,Y,Y,N,N,N
South East,Kent,Folkestone Running & Athletics Club,Club,Y,Y,Y,N,N,N
South East,Kent,Gravesend Road Runners,Club,N,Y,Y,N,N,N
South East,Kent,Harvel Hash House Harriers,Club,N,Y,Y,N,N,N
South East,Kent,Invicta East Kent AC,Club,Y,Y,Y,N,N,N
South East,Kent,Istead & Ifield Harriers,Club,N,Y,Y,N,N,Y
South East,Kent,Jelly Legs Running Club,Club,Y,Y,Y,N,Y,N
South East,Kent,Larkfield Athletics Club,Club,N,Y,Y,N,N,N
South East,Kent,Maidstone Harriers Run & Tri Club,Club,N,Y,Y,N,N,Y
South East,Kent,Medway and Maidstone AC,Club,Y,Y,Y,N,Y,N
South East,Kent,Medway Tri,Club,Y,Y,Y,N,N,N
South East,Kent,Mote Runners,Club,N,Y,Y,N,N,N
South East,Kent,Paddock Wood AC,Club,Y,Y,Y,N,Y,Y
South East,Kent,Rebel Runners Medway,Club,N,N,Y,N,N,Y
South East,Kent,Sevenoaks AC,Club,Y,Y,Y,N,N,N
South East,Kent,Sittingbourne Striders,Club,N,Y,Y,N,N,N
South East,Kent,SLGR,Club,N,Y,Y,N,N,N
South East,Kent,South Kent Harriers,Club,Y,Y,Y,N,N,N
South East,Kent,Swale Combined AC,Club,Y,Y,N,N,N,N
South East,Kent,Swale Tri Club,Club,N,Y,Y,Y,N,Y
South East,Kent,Swanley & District AC,Club,Y,Y,Y,N,N,N
South East,Kent,Thanet AC,Club,Y,Y,Y,N,N,N
South East,Kent,Thanet Roadrunners AC,Club,Y,Y,Y,N,N,N
South East,Kent,Tonbridge AC,Club,Y,Y,Y,Y,Y,Y
South East,Kent,Tunbridge Wells Harriers,Club,Y,Y,Y,N,N,N
South East,Kent,Ultimate Plodders - not reaffiliating 26/27,Virtual Club,N,N,Y,N,N,Y
South East,Kent,Weald Tri Club,Club,Y,Y,Y,Y,N,Y
South East,Kent,White Cliffs Athletics & Running Club,Club,Y,Y,Y,N,Y,N
South East,Kent,Whitstable Road Runners,Club,N,Y,Y,N,N,Y
South East,Oxfordshire,Abbey Running Club,Club,N,Y,Y,N,N,Y
South East,Oxfordshire,Abingdon AC,Club,Y,Y,Y,N,Y,N
South East,Oxfordshire,Adderbury Running Club,Club,N,Y,Y,N,N,N
South East,Oxfordshire,Alchester Running Club,Club,N,Y,Y,N,Y,N
South East,Oxfordshire,Banbury Harriers AC,Club,Y,Y,Y,N,N,N
South East,Oxfordshire,Benson Striders,Club,N,Y,Y,Y,N,Y
South East,Oxfordshire,Bicester AC,Club,Y,Y,N,N,N,N
South East,Oxfordshire,Bicester Triathlon Club,Club,N,Y,Y,N,N,Y
South East,Oxfordshire,Cherwell Runners & Joggers,Club,N,Y,Y,N,N,N
South East,Oxfordshire,Didcot Runners,Club,N,Y,Y,Y,N,N
South East,Oxfordshire,Eynsham Road Runners,Club,N,Y,Y,N,N,N
South East,Oxfordshire,Far Runners Faringdon,Club,N,Y,Y,Y,N,Y
South East,Oxfordshire,Great Milton Athletics Club,Club,Y,Y,N,N,N,N
South East,Oxfordshire,Harwell Harriers,Club,N,Y,Y,N,N,Y
South East,Oxfordshire,Headington RR,Club,N,Y,Y,N,N,N
South East,Oxfordshire,Heyford Aardvarks Running Club,Club,N,Y,Y,Y,N,Y
South East,Oxfordshire,Hook Norton Harriers,Club,N,Y,Y,N,N,N
South East,Oxfordshire,Kidlington Running Club,Club,N,Y,Y,N,N,N
South East,Oxfordshire,North Cotswold Tri & Run,Club,Y,Y,Y,Y,N,Y
South East,Oxfordshire,Oxford Brookes University Athletics Club,Club,Y,Y,Y,N,N,N
South East,Oxfordshire,Oxford City AC,Club,Y,Y,Y,N,N,N
South East,Oxfordshire,Oxford Tri,Club,N,Y,Y,Y,N,Y
South East,Oxfordshire,Oxford University AC,Club,Y,Y,N,N,N,N
South East,Oxfordshire,Radley Athletic Club,Club,Y,Y,Y,N,Y,N
South East,Oxfordshire,Radley College Harriers,Club,Y,Y,Y,N,N,N
South East,Oxfordshire,Thame Runners,Club,N,Y,Y,N,N,N
South East,Oxfordshire,White Horse Harriers,Club,Y,Y,Y,N,N,N
South East,Oxfordshire,Witney Road Runners,Club,Y,Y,Y,N,N,N
South East,Oxfordshire,Woodstock Harriers AC,Club,N,Y,Y,N,N,N
South East,Surrey,Aspire Athletics,Virtual Club,Y,N,N,N,N,N
South East,Surrey,Camberley & District AC,Club,Y,Y,Y,N,N,N
South East,Surrey,Chessington Unity Running Club,Club,N,Y,Y,N,Y,Y
South East,Surrey,Cruisers RC,Club,N,Y,Y,N,N,N
South East,Surrey,Dorking & Mole Valley AC,Club,N,Y,Y,N,N,N
South East,Surrey,Elmbridge RRC,Club,N,Y,Y,N,N,N
South East,Surrey,Epsom & Ewell Harriers,Club,Y,Y,Y,N,N,N
South East,Surrey,Epsom Allsorts,Club,N,Y,Y,N,N,N
South East,Surrey,Epsom Oddballs RC,Club,Y,Y,Y,N,Y,Y
South East,Surrey,Farnham Town Running Club,Club,N,Y,Y,N,N,Y
South East,Surrey,Gordonian Runners,Club,N,Y,Y,Y,N,Y
South East,Surrey,Guildford & Godalming AC,Club,Y,Y,Y,N,Y,Y
South East,Surrey,Haslemere Border AC,Club,Y,Y,Y,N,N,N
South East,Surrey,Holland Sports AC,Club,Y,Y,Y,N,N,N
South East,Surrey,Horley Harriers Running Club,Club,Y,Y,Y,Y,N,Y
South East,Surrey,Impact Athletic Club,Club,Y,Y,N,N,N,N
South East,Surrey,Lingfield RC,Club,N,Y,Y,N,N,N
South East,Surrey,Mole Valley Runners,Club,Y,N,Y,Y,N,Y
South East,Surrey,Oxted Runners,Club,N,N,Y,N,Y,Y
South East,Surrey,Reigate Priory AC,Club,Y,Y,Y,Y,N,Y
South East,Surrey,Runnymede Runners,Club,N,Y,Y,N,N,N
South East,Surrey,St John's Running Club,Club,N,Y,Y,N,N,Y
South East,Surrey,Stock Exchange AC,Club,N,Y,Y,N,N,N
South East,Surrey,Surrey Walking Club,Club,N,N,N,N,Y,N
South East,Surrey,Tadworth AC,Club,N,Y,Y,Y,N,N
South East,Surrey,Tri Surrey Triathlon Club,Club,N,Y,Y,Y,N,Y
South East,Surrey,Walton AC,Club,Y,Y,Y,N,N,N
South East,Surrey,Waverley Athletics Club,Club,Y,Y,N,N,N,N
South East,Surrey,Waverley Harriers,Club,Y,Y,Y,N,N,N
South East,Surrey,Windle Valley Runners,Club,N,Y,Y,N,N,N
South East,Surrey,Woking AC,Club,Y,Y,Y,N,Y,N
South East,Surrey,Young Athletes Club,Club,Y,Y,N,N,N,N
South East,Sussex,Arena 80 AC,Club,Y,Y,Y,N,N,Y
South East,Sussex,Arunners RC,Club,N,N,Y,N,N,N
South East,Sussex,Bexhill Runners & Triathletes,Club,Y,Y,Y,N,N,N
South East,Sussex,Bognor Regis Tone Zone Runners,Club,N,Y,Y,Y,N,Y
South East,Sussex,Brighton & Hove AC,Club,Y,Y,Y,N,Y,N
South East,Sussex,Brighton & Hove Women's Running Club,Club,N,Y,Y,N,N,N
South East,Sussex,Brighton Phoenix,Club,N,Y,Y,Y,N,Y
South East,Sussex,Burgess Hill Runners,Club,N,Y,Y,N,N,N
South East,Sussex,Chichester Runners & AC,Club,Y,Y,Y,N,N,N
South East,Sussex,Crawley AC,Club,Y,Y,Y,N,N,N
South East,Sussex,Crawley Saints & Sinners Running Club,Club,N,Y,Y,N,N,Y
South East,Sussex,Crowborough Runners,Club,Y,Y,Y,Y,N,N
South East,Sussex,East Grinstead & District AC,Club,Y,Y,Y,Y,N,N
South East,Sussex,Eastbourne Rovers AC,Club,Y,Y,Y,N,N,N
South East,Sussex,Hailsham Harriers,Club,Y,Y,Y,N,N,N
South East,Sussex,Hastings AC,Club,Y,Y,Y,N,N,N
South East,Sussex,Hastings Runners,Club,N,Y,Y,N,N,N
South East,Sussex,Haywards Heath Harriers,Club,Y,Y,Y,N,N,N
South East,Sussex,Heathfield Runners,Club,N,Y,Y,Y,N,N
South East,Sussex,Henfield Joggers,Club,Y,Y,Y,Y,N,Y
South East,Sussex,Horsham Blue Star Harriers,Club,Y,Y,Y,N,N,N
South East,Sussex,Horsham Joggers,Club,N,Y,Y,N,N,N
South East,Sussex,HY Athletic Club,Club,Y,Y,Y,N,N,Y
South East,Sussex,Lancing Eagles RC,Club,N,Y,Y,N,N,N
South East,Sussex,Lewes AC,Club,Y,Y,Y,N,N,Y
South East,Sussex,Mel's Milers Jogging Club,Club,N,Y,Y,N,N,Y
South East,Sussex,Mid Sussex Triathlon Club,Club,Y,Y,Y,Y,Y,N
South East,Sussex,Midhurst Milers,Club,N,Y,Y,N,N,N
South East,Sussex,Polegate Plodders,Club,N,Y,Y,N,N,N
South East,Sussex,Portslade Hedgehoppers,Club,N,Y,Y,N,N,Y
South East,Sussex,Regis Road Runners,Club,N,N,Y,N,N,N
South East,Sussex,RunWednesdays,Club,N,Y,Y,N,N,Y
South East,Sussex,Seaford Striders RC,Club,N,Y,Y,N,N,N
South East,Sussex,Steyning AC,Club,Y,Y,Y,N,Y,N
South East,Sussex,Team Bodyworks,Club,Y,Y,Y,N,N,Y
South East,Sussex,Tuff Fitty Triathlon Club,Club,N,Y,Y,Y,N,Y
South East,Sussex,Uckfield Runners,Club,N,Y,Y,N,N,N
South East,Sussex,Wadhurst Runners,Club,N,Y,Y,N,N,N
South East,Sussex,Worthing & District Harriers,Club,Y,Y,Y,Y,N,Y
South East,Sussex,Worthing Gazelles,Club,N,Y,Y,N,N,N
South East,Sussex,Worthing Striders,Club,N,Y,Y,N,N,N
South East,West Sussex,Copthorne Chasers,Club,N,N,N,N,N,Y
South East,West Sussex,Crawley Run Crew,Club,N,N,Y,N,N,N
South East,West Sussex,East Grinstead Runners,Club,N,Y,Y,Y,N,Y
South East,West Sussex,Horsham Run Fit,Club,N,Y,Y,Y,N,Y
South East,West Sussex,Inspire Runners Chichester,Club,N,Y,Y,Y,N,Y
South East,West Sussex,Pound Hill Pounders,Club,N,Y,Y,N,N,Y
South East,West Sussex,Run Academy Worthing,Club,Y,Y,Y,Y,N,Y
South East,West Sussex,West Worthing Runners,Club,N,Y,Y,N,N,Y
South West,Avon,Avon Tempo,Club,N,Y,Y,Y,N,Y
South West,Avon,Bitton Road Runners,Club,N,N,Y,N,N,N
South West,Avon,Bristol and West AC,Club,Y,Y,Y,Y,N,Y
South West,Avon,Clevedon AC,Club,Y,Y,Y,N,N,Y
South West,Avon,Emersons Green Running Club,Club,N,Y,Y,N,N,Y
South West,Avon,Great Western Runners,Club,N,Y,Y,Y,N,N
South West,Avon,North Somerset AC,Club,Y,Y,N,N,N,N
South West,Avon,Portishead R C,Club,N,Y,Y,N,N,N
South West,Avon,Sole Sisters (North Bristol),Club,N,N,Y,N,N,N
South West,Avon,Somer AC,Club,Y,Y,Y,N,N,N
South West,Avon,Southville Running Club,Club,N,N,Y,N,N,Y
South West,Avon,Team Bath Athletic Club,Club,Y,Y,Y,Y,N,N
South West,Avon,The Students Union at UWE,Club,Y,Y,Y,N,N,Y
South West,Avon,Thornbury RC,Club,N,Y,Y,N,N,Y
South West,Avon,Trail Runners Adventure Running Club,Club,N,Y,Y,Y,N,Y
South West,Avon,Westbury Harriers,Club,N,Y,Y,Y,Y,N
South West,Avon,Weston Athletic Club,Club,N,Y,Y,Y,N,Y
South West,Avon,Yate & District AC,Club,Y,N,N,N,N,N
South West,Avon,Yate & Sodbury Striders,Club,N,Y,Y,N,N,Y
South West,Cornwall,Bodmin Running Club,Club,N,Y,Y,N,N,Y
South West,Cornwall,Bude Rats (Run and Tri),Club,N,Y,Y,Y,N,N
South West,Cornwall,Carn Runners,Club,N,Y,Y,N,N,N
South West,Cornwall,Cornwall AC,Club,Y,Y,Y,Y,N,N
South West,Cornwall,Cornwall Athletics Academy,Club,Y,N,N,N,N,N
South West,Cornwall,East Cornwall Harriers,Club,N,Y,Y,Y,N,N
South West,Cornwall,Falmouth Running Club,Club,N,Y,Y,N,N,N
South West,Cornwall,Hayle Runners,Club,Y,Y,Y,N,N,N
South West,Cornwall,Instinctive Sports,Club,N,N,Y,N,N,N
South West,Cornwall,Launceston Road Runners,Club,N,Y,Y,N,N,N
South West,Cornwall,Mile High,Club,Y,Y,Y,Y,N,Y
South West,Cornwall,Newquay & Par AC,Club,Y,Y,Y,N,N,N
South West,Cornwall,Newquay Road Runners,Club,N,Y,Y,N,N,N
South West,Cornwall,St Austell Athletes Running Club,Club,N,N,Y,N,N,Y
South West,Cornwall,St Austell Running Club,Club,N,Y,Y,N,N,Y
South West,Cornwall,Tamar Trotters,Club,Y,Y,Y,Y,N,Y
South West,Cornwall,Tri Logic Cornwall,Club,N,N,Y,N,N,N
South West,Cornwall,Truro Running Club,Club,N,N,Y,N,N,N
South West,Cornwall,Wadebridge Running Club,Club,N,N,Y,N,N,N
South West,Devon,Axe Valley Runners,Club,N,Y,Y,Y,N,Y
South West,Devon,Bad Boy Running Club,Club,N,Y,Y,Y,N,Y
South West,Devon,Bere Alston Trekkers,Club,N,Y,Y,N,N,N
South West,Devon,Bideford AAC,Club,Y,Y,Y,N,N,N
South West,Devon,City Of Plymouth AC,Club,Y,Y,Y,N,N,N
South West,Devon,Cranbrook Running Club,Club,N,Y,Y,N,N,Y
South West,Devon,Crediton Running Network,Club,N,N,Y,N,N,N
South West,Devon,Dartmouth AAC,Club,Y,Y,Y,N,N,N
South West,Devon,Dawlish Coasters,Club,N,Y,Y,N,N,N
South West,Devon,Devon & Cornwall Police AC,Club,Y,Y,Y,Y,Y,Y
South West,Devon,DSFRS Running Club,Club,Y,Y,Y,Y,N,Y
South West,Devon,Erme Valley Harriers,Club,Y,Y,Y,N,N,Y
South West,Devon,Exeter Harriers,Club,Y,Y,Y,N,N,N
South West,Devon,Exeter University Athletic Club,Club,Y,Y,Y,N,N,N
South West,Devon,Exmouth Harriers,Club,Y,Y,Y,Y,N,N
South West,Devon,Fit 2 Run,Club,N,N,Y,Y,N,Y
South West,Devon,Greenbow Running Club,Club,N,Y,Y,N,N,Y
South West,Devon,Honiton RC,Club,N,Y,Y,Y,N,N
South West,Devon,Ilfracombe Running Club,Club,Y,Y,Y,Y,N,Y
South West,Devon,Newton Abbot AC,Club,Y,Y,Y,N,N,Y
South West,Devon,North Devon AC,Club,Y,Y,N,N,N,N
South West,Devon,North Devon RRC,Club,N,Y,Y,N,N,N
South West,Devon,Okehampton RC,Club,Y,Y,Y,Y,N,N
South West,Devon,Plymouth Falconers,Club,N,Y,Y,Y,Y,Y
South West,Devon,Plymouth Harriers,Club,N,Y,Y,N,N,Y
South West,Devon,Plymouth Musketeers Running Club,Club,N,Y,Y,N,N,N
South West,Devon,Plymouth Striders,Club,N,N,Y,N,N,N
South West,Devon,Plymstock Road Runners,Club,N,Y,Y,N,N,N
South West,Devon,Riviera Racers,Club,N,Y,Y,Y,Y,Y
South West,Devon,South Devon AC,Club,Y,Y,Y,N,N,Y
South West,Devon,South Molton Strugglers,Club,N,Y,Y,Y,N,Y
South West,Devon,South West Athletics Academy,Club,Y,Y,N,N,N,N
South West,Devon,South West Road Runners,Club,Y,Y,Y,Y,N,Y
South West,Devon,South West Veterans AC,Club,Y,Y,Y,Y,Y,N
South West,Devon,Storm Plymouth,Club,N,N,Y,N,N,N
South West,Devon,Tavistock AC,Club,Y,Y,Y,N,N,N
South West,Devon,Tavistock Run Project,Club,Y,Y,Y,N,N,N
South West,Devon,Teignbridge Trotters,Club,N,Y,Y,N,N,Y
South West,Devon,Tiverton Harriers,Club,N,Y,Y,Y,N,N
South West,Devon,Torbay AAC,Club,Y,Y,Y,N,N,N
South West,Devon,Torbay Tri Club,Club,Y,Y,Y,Y,N,Y
South West,Devon,Torrington AAC,Club,Y,Y,Y,N,N,N
South West,Devon,University of Plymouth Athletics Club,Club,Y,Y,Y,N,N,N
South West,Devon,Women on the Run,Club,N,Y,Y,Y,N,Y
South West,Dorset,Bournemouth AC,Club,Y,Y,Y,N,N,N
South West,Dorset,Bournemouth Joggers,Club,N,N,Y,N,N,N
South West,Dorset,Bridport Runners,Club,Y,Y,Y,N,N,N
South West,Dorset,Christchurch Runners,Club,N,N,Y,N,N,N
South West,Dorset,Dorchester AC,Club,Y,Y,Y,N,Y,N
South West,Dorset,Dorchester RIOT,Club,N,Y,Y,Y,N,Y
South West,Dorset,DORSET DODDLERS RC,Club,N,N,Y,N,N,N
South West,Dorset,Dorset Sole Sisters,Club,N,N,Y,N,N,N
South West,Dorset,Egdon Heath Harriers,Club,N,Y,Y,N,N,N
South West,Dorset,Gillingham Trotters,Club,N,Y,Y,Y,N,Y
South West,Dorset,Hamworthy Harriers,Club,N,Y,Y,N,N,N
South West,Dorset,JH Running Club,Club,N,N,Y,N,N,Y
South West,Dorset,Littledown Harriers,Club,N,Y,Y,N,N,N
South West,Dorset,Lonely Goat RC,Virtual Club,Y,Y,Y,N,N,Y
South West,Dorset,Lytchett Manor Striders,Club,N,N,Y,N,N,N
South West,Dorset,Poole AC,Club,Y,Y,Y,N,N,N
South West,Dorset,Poole Runners,Club,Y,Y,Y,N,N,N
South West,Dorset,Purbeck Runners,Club,N,Y,Y,Y,N,Y
South West,Dorset,Royal Manor Of Portland AC,Club,N,N,Y,N,N,N
South West,Dorset,Twemlow Track Club,Club,Y,Y,Y,Y,N,Y
South West,Dorset,Verwood Runners,Club,N,N,Y,N,N,Y
South West,Dorset,Westbourne R C,Club,N,N,Y,N,N,N
South West,Dorset,Weymouth St Pauls Harriers,Club,Y,Y,Y,N,Y,Y
South West,Dorset,Wimborne AC,Club,Y,Y,Y,N,N,N
South West,Dorset,Zoom Tri Club Bournemouth,Club,N,Y,Y,N,N,N
South West,Gloucestershire,Almost Athletes,Club,N,Y,Y,Y,N,N
South West,Gloucestershire,Angels RC,Club,N,Y,Y,N,N,N
South West,Gloucestershire,Bourton Roadrunners Club,Club,N,Y,Y,N,N,N
South West,Gloucestershire,Cheltenham and County Harriers,Club,Y,Y,Y,N,N,N
South West,Gloucestershire,Cirencester AC,Club,Y,Y,Y,N,N,N
South West,Gloucestershire,CLC Striders,Club,N,Y,Y,Y,N,Y
South West,Gloucestershire,Cotswold Allrunners,Club,N,N,Y,N,N,N
South West,Gloucestershire,Dursley Running Club,Club,Y,Y,Y,Y,N,N
South West,Gloucestershire,Forest of Dean AC,Club,Y,Y,Y,Y,N,Y
South West,Gloucestershire,Gloucester AC,Club,Y,Y,Y,N,N,N
South West,Gloucestershire,Hogweed Trotters,Club,N,Y,Y,Y,Y,N
South West,Gloucestershire,New Berkeley Harriers,Club,N,N,Y,N,N,Y
South West,Gloucestershire,Newent Runners,Club,N,Y,Y,N,N,Y
South West,Gloucestershire,Running Somewhere Else,Club,N,N,Y,N,N,N
South West,Gloucestershire,Severn AC,Club,N,Y,Y,N,N,N
South West,Gloucestershire,Stroud & District AC,Club,Y,Y,Y,Y,N,N
South West,Gloucestershire,Tetbury Dolphins Running Club,Club,N,Y,Y,N,N,Y
South West,Gloucestershire,Tewkesbury Running Club,Club,N,Y,Y,N,N,N
South West,Gloucestershire,Western Tempo,Club,Y,Y,Y,N,N,Y
South West,Somerset,Bridgwater & District Road & Trail Runners,Club,Y,N,Y,N,N,Y
South West,Somerset,Burnham On Sea Harriers,Club,N,Y,Y,Y,N,N
South West,Somerset,Chard RRC,Club,N,Y,Y,Y,N,N
South West,Somerset,Cheddar RC,Club,N,N,Y,Y,N,N
South West,Somerset,Crewkerne Running Club,Club,Y,Y,Y,Y,N,Y
South West,Somerset,Frome Running Club,Club,N,Y,Y,N,N,Y
South West,Somerset,Fry Club Joggers,Club,N,Y,Y,N,N,N
South West,Somerset,Hydrographic Harriers,Club,N,N,Y,N,N,Y
South West,Somerset,Langport Runners,Club,N,Y,Y,Y,N,Y
South West,Somerset,Mendip Athletic Club,Club,Y,Y,Y,N,N,N
South West,Somerset,Mendip Triathlon and Running Club,Club,N,Y,Y,Y,N,Y
South West,Somerset,Quantock Harriers,Club,N,N,Y,N,N,N
South West,Somerset,Running for Time,Club,N,Y,Y,Y,N,Y
South West,Somerset,Running Forever RC,Club,N,N,Y,N,N,Y
South West,Somerset,Street Striders,Club,N,N,Y,N,N,Y
South West,Somerset,Taunton AC,Club,Y,Y,Y,N,N,N
South West,Somerset,TTT Run Club,Virtual Club,N,Y,Y,Y,N,Y
South West,Somerset,University of Bath Athletics Club,Club,Y,Y,Y,N,N,Y
South West,Somerset,Wells City Harriers,Club,N,Y,Y,Y,N,N
South West,Somerset,Weston Whippets,Club,N,N,Y,N,N,Y
South West,Somerset,Yellow Brick Road Running & Walking Club,Club,N,N,Y,N,Y,Y
South West,Somerset,Yeovil Olympiads AC,Club,Y,N,N,N,N,N
South West,Somerset,Yeovil Town RRC,Club,N,Y,Y,Y,N,N
South West,Wiltshire,Avon Valley Runners,Club,N,Y,Y,Y,N,Y
South West,Wiltshire,Calne Running Club,Club,N,Y,Y,Y,N,Y
South West,Wiltshire,Calne SMaRTT,Club,Y,Y,Y,N,N,N
South West,Wiltshire,Chippenham Harriers,Club,N,Y,Y,N,N,N
South West,Wiltshire,City Of Salisbury AC & RC,Club,Y,Y,Y,N,N,N
South West,Wiltshire,Corsham Running Club,Club,N,Y,Y,N,N,Y
South West,Wiltshire,Devizes Running Club,Club,N,Y,Y,N,N,N
South West,Wiltshire,Highworth RC,Club,N,Y,Y,N,N,N
South West,Wiltshire,Independent Intelligent Fitness,Club,Y,Y,Y,N,N,N
South West,Wiltshire,Marlborough Athletics,Club,Y,Y,Y,N,N,N
South West,Wiltshire,Marlborough Running Club,Club,N,Y,Y,Y,N,Y
South West,Wiltshire,Maximum Mileage Running Club,Virtual Club,N,Y,Y,Y,N,Y
South West,Wiltshire,Pewsey Vale RC,Club,Y,Y,Y,Y,N,Y
South West,Wiltshire,Royal Wootton Bassett Hounds RC,Club,N,Y,Y,Y,N,N
South West,Wiltshire,Slinn Allstars,Club,N,Y,Y,Y,N,N
South West,Wiltshire,St Mary's Calne Sports Centre Running & Triathlon,Club,Y,Y,Y,N,N,Y
South West,Wiltshire,Stonehenge Striders Running Club,Club,N,N,Y,N,N,Y
South West,Wiltshire,Swindon Harriers,Club,Y,Y,Y,Y,Y,N
South West,Wiltshire,Swindon Striders,Club,N,Y,Y,N,N,Y
South West,Wiltshire,Team Devizes - Moonrakers AC,Club,Y,Y,Y,Y,Y,N
South West,Wiltshire,Warminster Running Club,Club,N,Y,Y,N,N,Y
West Midlands,Herefordshire,Croft Ambrey RC,Club,N,Y,Y,Y,N,N
West Midlands,Herefordshire,Hereford & County AC,Club,Y,Y,N,N,N,N
West Midlands,Herefordshire,Hereford Couriers Running Club,Club,N,Y,Y,Y,N,N
West Midlands,Herefordshire,Hereford Triathlon Club,Club,N,Y,Y,N,N,Y
West Midlands,Herefordshire,Wye Valley Runners,Club,N,Y,Y,Y,N,Y
West Midlands,Shropshire,Bridgnorth Running Club,Club,N,N,Y,N,N,Y
West Midlands,Shropshire,Broseley Joggers,Club,N,Y,Y,N,N,N
West Midlands,Shropshire,Cleobury Mortimer Running Club,Club,N,N,Y,Y,N,Y
West Midlands,Shropshire,Hartshill Runners,Club,N,N,Y,N,N,N
West Midlands,Shropshire,Lawley Running Club,Club,N,Y,Y,N,N,N
West Midlands,Shropshire,Ludlow Runners,Club,N,Y,Y,N,N,N
West Midlands,Shropshire,Market Drayton RC,Club,N,Y,Y,N,N,N
West Midlands,Shropshire,Newport and District RC,Club,N,Y,Y,Y,N,N
West Midlands,Shropshire,Oswestry Olympians,Club,Y,Y,Y,Y,N,Y
West Midlands,Shropshire,Shrewsbury AC,Club,Y,Y,Y,Y,Y,Y
West Midlands,Shropshire,Shropshire Shufflers,Club,N,Y,Y,Y,Y,Y
West Midlands,Shropshire,Telford AC,Club,Y,Y,Y,Y,N,N
West Midlands,Shropshire,Telford Harriers,Club,Y,Y,Y,Y,N,N
West Midlands,Shropshire,Telford Triathlon Club,Club,Y,Y,Y,N,N,Y
West Midlands,Shropshire,Wenlock Olympians,Club,Y,Y,Y,Y,N,N
West Midlands,Shropshire,Whitchurch Whippets,Club,N,Y,Y,Y,N,Y
West Midlands,Shropshire,Wrekin Harriers,Club,Y,Y,Y,Y,Y,Y
West Midlands,Shropshire,Wrekin Road Runners,Club,N,Y,Y,Y,N,Y
West Midlands,Staffordshire,Audley Striders Running Club,Club,N,N,Y,N,N,Y
West Midlands,Staffordshire,Biddulph RC,Club,N,N,Y,N,N,N
West Midlands,Staffordshire,Blythe Bridge RC,Club,N,Y,Y,N,N,N
West Midlands,Staffordshire,Burton AC,Club,Y,Y,Y,N,N,N
West Midlands,Staffordshire,Cannock & Stafford AC,Club,Y,Y,Y,N,N,N
West Midlands,Staffordshire,Chase Harriers,Club,N,Y,Y,N,N,N
West Midlands,Staffordshire,Cheadle RC,Club,N,Y,Y,Y,N,N
West Midlands,Staffordshire,City of Stoke AC,Club,Y,Y,Y,N,Y,N
West Midlands,Staffordshire,Gator Athletics Club,Club,N,Y,Y,N,N,Y
West Midlands,Staffordshire,Gnosall Globetrotters Running Club,Virtual Club,Y,Y,Y,Y,N,Y
West Midlands,Staffordshire,Hatton Darts,Club,N,Y,Y,N,N,N
West Midlands,Staffordshire,JCB Lakeside Club,Club,N,N,Y,N,N,N
West Midlands,Staffordshire,Lichfield Running Club,Club,N,Y,Y,N,N,N
West Midlands,Staffordshire,Michelin Running Club,Club,N,Y,Y,N,N,N
West Midlands,Staffordshire,Mickey Bushell Gold Standard Academy,Club,N,N,N,N,N,N
West Midlands,Staffordshire,Mow Cop Runners,Club,N,Y,Y,Y,N,Y
West Midlands,Staffordshire,Newcastle (Staffs) Tri Club,Club,Y,Y,Y,Y,N,Y
West Midlands,Staffordshire,Newcastle Staffs AC,Club,Y,Y,Y,N,N,N
West Midlands,Staffordshire,North Staffs RR Association,Club,N,Y,Y,N,N,N
West Midlands,Staffordshire,Peel Road Runners,Club,N,Y,Y,N,N,N
West Midlands,Staffordshire,Potters Trotters,Club,N,Y,Y,N,N,N
West Midlands,Staffordshire,Rising Brook Runners,Club,N,Y,Y,Y,N,Y
West Midlands,Staffordshire,Run 4 U and Perform Running Club,Club,N,Y,Y,Y,N,Y
West Midlands,Staffordshire,Silverdale RC,Club,N,Y,Y,Y,N,Y
West Midlands,Staffordshire,Stafford Harriers,Club,Y,Y,Y,Y,N,Y
West Midlands,Staffordshire,Staffs Moorlands AC,Club,Y,Y,Y,Y,N,Y
West Midlands,Staffordshire,Stoke F.I.T,Club,Y,Y,Y,Y,Y,Y
West Midlands,Staffordshire,Stone Master Marathoners,Club,N,Y,Y,N,N,N
West Midlands,Staffordshire,Tamworth AC,Club,Y,Y,Y,Y,Y,Y
West Midlands,Staffordshire,Tipton Harriers,Club,Y,Y,Y,N,N,N
West Midlands,Staffordshire,Trentham RC,Club,N,Y,Y,Y,N,N
West Midlands,Staffordshire,Uttoxeter Road Runners,Club,N,Y,Y,N,N,N
West Midlands,Staffordshire,VeloRunner,Club,N,Y,Y,Y,N,Y
West Midlands,Staffordshire,Washlands Women Runners,Club,N,Y,Y,N,N,N
West Midlands,Warwickshire,Aldridge RC,Club,N,Y,Y,N,N,N
West Midlands,Warwickshire,Amazing Feet Running Club,Club,N,Y,Y,Y,N,N
West Midlands,Warwickshire,Badgers,Club,N,Y,Y,Y,Y,Y
West Midlands,Warwickshire,Balsall Common Run Club,Club,N,N,Y,N,N,Y
West Midlands,Warwickshire,Birchfield Harriers,Club,Y,Y,Y,N,Y,N
West Midlands,Warwickshire,Centurion RC,Club,N,Y,Y,N,N,N
West Midlands,Warwickshire,Coventry Godiva Harriers,Club,Y,Y,Y,N,Y,N
West Midlands,Warwickshire,Coventry Triathletes,Club,N,Y,Y,N,N,N
West Midlands,Warwickshire,Eliot Ladies at Ambleside,Club,N,N,Y,N,N,N
West Midlands,Warwickshire,Kenilworth Runners,Club,N,Y,Y,N,N,N
West Midlands,Warwickshire,Knowle & Dorridge RC,Club,N,Y,Y,N,N,N
West Midlands,Warwickshire,Leamington Athletics Academy,Club,Y,Y,N,N,N,N
West Midlands,Warwickshire,Leamington Cycling and Athletics Club,Club,Y,Y,Y,N,N,N
West Midlands,Warwickshire,Massey Ferguson RC,Club,N,Y,Y,N,N,Y
West Midlands,Warwickshire,Northbrook Athletic Club,Club,Y,Y,Y,Y,N,N
West Midlands,Warwickshire,Nuneaton Harriers,Club,Y,Y,Y,Y,Y,Y
West Midlands,Warwickshire,Royal Sutton Coldfield Athletics Club,Club,Y,Y,Y,N,N,N
West Midlands,Warwickshire,Run Alcester,Club,N,Y,Y,Y,Y,Y
West Midlands,Warwickshire,Solihull & Small Heath Athletic Club,Club,Y,Y,Y,N,N,N
West Midlands,Warwickshire,Spa Striders,Club,N,Y,Y,N,N,N
West Midlands,Warwickshire,Sphinx AC,Club,Y,Y,Y,Y,Y,N
West Midlands,Warwickshire,Stratford Upon Avon AC,Club,Y,Y,Y,N,N,N
West Midlands,Warwickshire,University of Warwick,Club,Y,Y,Y,Y,N,N
West Midlands,West Midlands,1485 Triathlon Club,Club,N,Y,Y,Y,N,Y
West Midlands,West Midlands,Barnt Green Chuggers,Club,N,Y,Y,N,N,N
West Midlands,West Midlands,Birmingham Running Athletics & Triathlon Club (BRAT),Club,Y,Y,Y,N,N,N
West Midlands,West Midlands,Birmingham Swifts,Club,N,Y,Y,N,N,N
West Midlands,West Midlands,Bournville Harriers,Club,N,Y,Y,N,N,N
West Midlands,West Midlands,City of Birmingham Striders,Club,N,Y,Y,Y,N,Y
West Midlands,West Midlands,Cobra Running & Triathlon Club,Club,N,Y,Y,N,N,N
West Midlands,West Midlands,Dudley Kingswinford RC,Club,N,Y,Y,Y,N,N
West Midlands,West Midlands,Essington Harriers Running Club,Club,Y,Y,Y,N,N,Y
West Midlands,West Midlands,Halesowen ACC,Club,Y,Y,Y,N,Y,N
West Midlands,West Midlands,Kingfisher Harriers,Club,N,Y,Y,Y,N,Y
West Midlands,West Midlands,Kings Heath RC - The Lions,Club,N,Y,Y,N,N,N
West Midlands,West Midlands,Midland Masters AC,Club,Y,Y,Y,Y,Y,N
West Midlands,West Midlands,RAF Athletics,Club,Y,Y,Y,Y,Y,Y
West Midlands,West Midlands,Redditch Stars,Club,N,Y,Y,N,N,Y
West Midlands,West Midlands,Rugeley Runners,Club,N,Y,Y,Y,N,Y
West Midlands,West Midlands,Run & Ride Athletics Club,Club,Y,Y,Y,N,N,Y
West Midlands,West Midlands,Sedgley Striders,Club,N,Y,Y,N,N,N
West Midlands,West Midlands,Sneyd Striders,Club,N,Y,Y,N,N,N
West Midlands,West Midlands,South Birmingham Striders,Club,N,Y,Y,Y,Y,Y
West Midlands,West Midlands,Sparkhill Harriers,Club,Y,Y,Y,N,N,N
West Midlands,West Midlands,TRX Wolves AC,Club,Y,Y,Y,N,N,Y
West Midlands,West Midlands,University of Birmingham AC and Cross Country Club,Club,Y,Y,Y,N,N,N
West Midlands,West Midlands,Walsall Arboretum Running Club,Club,N,Y,Y,N,N,Y
West Midlands,West Midlands,Warley Woods Pacers,Club,N,Y,Y,Y,N,Y
West Midlands,West Midlands,West Bromwich Harriers,Club,Y,Y,Y,N,N,N
West Midlands,West Midlands,Wolverhampton & Bilston,Club,Y,Y,Y,Y,Y,N
West Midlands,Worcestershire,Black Pear Joggers,Club,Y,Y,Y,N,N,N
West Midlands,Worcestershire,Bromsgrove and Redditch,Club,Y,Y,Y,Y,Y,N
West Midlands,Worcestershire,Droitwich AC,Club,Y,Y,Y,N,N,N
West Midlands,Worcestershire,Dudley and Stourbridge Harriers,Club,Y,Y,Y,Y,Y,N
West Midlands,Worcestershire,Evesham Vale Running Club,Club,N,Y,Y,Y,N,N
West Midlands,Worcestershire,Evesham Vale Triathletes,Club,Y,Y,Y,Y,Y,Y
West Midlands,Worcestershire,Kidderminster and Stourport,Club,Y,Y,Y,N,N,N
West Midlands,Worcestershire,Kids Run Redditch,Club,Y,N,N,N,N,N
West Midlands,Worcestershire,Malvern Buzzards Running Club,Club,Y,Y,Y,Y,Y,Y
West Midlands,Worcestershire,Malvern Joggers,Club,N,Y,Y,N,N,N
West Midlands,Worcestershire,Mercia Fell Runners,Club,N,N,N,Y,N,N
West Midlands,Worcestershire,Pershore Plum Plodders,Club,N,Y,Y,N,N,N
West Midlands,Worcestershire,Stourbridge RC,Club,N,Y,Y,Y,N,N
West Midlands,Worcestershire,UKRunChat Running Club,Virtual Club,Y,Y,Y,Y,Y,Y
West Midlands,Worcestershire,Worcester AC,Club,Y,Y,Y,N,Y,N
West Midlands,Worcestershire,Worcester Students' Union Athletic Club,Club,Y,Y,N,N,N,N
Yorkshire & Humberside,East Yorkshire,Friends and Runners,Club,N,Y,Y,Y,N,Y
Yorkshire & Humberside,East Yorkshire,Snaith & Cowick Running Club,Club,N,Y,Y,Y,N,Y
Yorkshire & Humberside,Humberside,Barton & District AC,Club,Y,Y,Y,N,N,N
Yorkshire & Humberside,Humberside,Beverley Athletic Club,Club,Y,Y,Y,N,N,N
Yorkshire & Humberside,Humberside,Bridlington Road Runners,Club,Y,Y,Y,Y,N,N
Yorkshire & Humberside,Humberside,City of Hull AC,Club,N,Y,Y,N,N,N
Yorkshire & Humberside,Humberside,Cleethorpes AC,Club,Y,Y,Y,Y,Y,N
Yorkshire & Humberside,Humberside,Cleethorpes Triathlon Club,Club,N,Y,Y,Y,N,Y
Yorkshire & Humberside,Humberside,Driffield Striders,Club,Y,Y,Y,Y,N,N
Yorkshire & Humberside,Humberside,East Hull Harriers & AC,Club,Y,Y,Y,Y,N,N
Yorkshire & Humberside,Humberside,Fitmums and Friends,Club,Y,Y,Y,Y,N,Y
Yorkshire & Humberside,Humberside,Goole Viking Striders,Club,N,Y,Y,N,N,N
Yorkshire & Humberside,Humberside,Goole Youth AC,Club,Y,Y,N,N,N,N
Yorkshire & Humberside,Humberside,Grimsby Harriers & AC,Club,Y,Y,N,N,N,N
Yorkshire & Humberside,Humberside,Hornsea Harriers,Club,N,Y,Y,N,N,N
Yorkshire & Humberside,Humberside,Kingston upon Hull AC,Club,Y,Y,Y,Y,Y,N
Yorkshire & Humberside,Humberside,Pocklington Runners,Club,N,Y,Y,Y,N,N
Yorkshire & Humberside,Humberside,Scunthorpe & District Running Club,Club,Y,Y,Y,N,N,Y
Yorkshire & Humberside,Humberside,Scunthorpe Harriers Athletic Club,Club,Y,Y,Y,Y,N,N
Yorkshire & Humberside,Humberside,TeamBR,Club,N,N,N,N,N,Y
Yorkshire & Humberside,Humberside,West Hull Ladies,Club,N,Y,Y,N,N,Y
Yorkshire & Humberside,Humberside,White City (Hull) RRC,Club,N,N,Y,N,N,N
Yorkshire & Humberside,Humberside,Winterton Running Club,Club,N,Y,Y,N,N,N
Yorkshire & Humberside,Humberside,Withernsea Harriers,Club,N,Y,Y,N,N,N
Yorkshire & Humberside,Humberside,Wolds Veteran RC,Club,Y,Y,Y,Y,N,Y
Yorkshire & Humberside,Humberside,Yorkshire Wolds Runners,Club,Y,Y,Y,N,N,Y
Yorkshire & Humberside,North Yorkshire,Allerton Junior Athletics Club,Club,N,Y,Y,N,N,Y
Yorkshire & Humberside,North Yorkshire,Bedale & Aiskew Runners,Club,N,N,Y,N,N,N
Yorkshire & Humberside,North Yorkshire,City of York AC,Club,Y,Y,Y,Y,N,N
Yorkshire & Humberside,North Yorkshire,Easingwold Running Club,Club,N,Y,Y,Y,N,Y
Yorkshire & Humberside,North Yorkshire,Esk Valley Fell Club,Club,N,N,N,Y,N,N
Yorkshire & Humberside,North Yorkshire,Hambleton Athletics & Running Club Ltd,Club,Y,Y,Y,Y,N,Y
Yorkshire & Humberside,North Yorkshire,Harrogate Harriers & AC,Club,Y,Y,Y,Y,Y,N
Yorkshire & Humberside,North Yorkshire,Harrogate Tri Club,Club,Y,Y,Y,Y,Y,Y
Yorkshire & Humberside,North Yorkshire,Haxby Runners,Club,N,Y,Y,Y,Y,Y
Yorkshire & Humberside,North Yorkshire,Holgate Harriers,Club,N,Y,Y,N,N,Y
Yorkshire & Humberside,North Yorkshire,Knaresborough Striders,Club,Y,Y,Y,Y,Y,N
Yorkshire & Humberside,North Yorkshire,Loftus & Whitby AC,Club,N,Y,Y,Y,N,N
Yorkshire & Humberside,North Yorkshire,Nidd Valley Road Runners,Club,N,Y,Y,Y,N,Y
Yorkshire & Humberside,North Yorkshire,Nidderdale Fell & Trail,Club,N,Y,Y,Y,N,Y
Yorkshire & Humberside,North Yorkshire,Pickering Running Club,Club,N,Y,Y,Y,N,N
Yorkshire & Humberside,North Yorkshire,Richmond & Zetland Harriers,Club,Y,Y,Y,N,N,Y
Yorkshire & Humberside,North Yorkshire,Ripon Runners,Club,N,Y,Y,Y,N,N
Yorkshire & Humberside,North Yorkshire,Scarborough Athletic Club,Club,Y,Y,Y,Y,N,Y
Yorkshire & Humberside,North Yorkshire,Selby Striders,Club,N,Y,Y,N,N,N
Yorkshire & Humberside,North Yorkshire,Settle Harriers,Club,N,Y,Y,Y,N,N
Yorkshire & Humberside,North Yorkshire,Skipton AC,Club,Y,Y,Y,Y,N,Y
Yorkshire & Humberside,North Yorkshire,Swaledale Runners,Club,N,Y,Y,Y,N,Y
Yorkshire & Humberside,North Yorkshire,Tadcaster Harriers,Club,N,Y,Y,Y,N,Y
Yorkshire & Humberside,North Yorkshire,Team Caterpillar,Club,N,Y,Y,N,N,Y
Yorkshire & Humberside,North Yorkshire,Thirsk & Sowerby Harriers,Club,N,Y,Y,Y,N,Y
Yorkshire & Humberside,North Yorkshire,Upper Wharfedale Runners,Club,N,Y,Y,Y,N,Y
Yorkshire & Humberside,North Yorkshire,Vale of York Athletic Community,Club,Y,Y,Y,Y,N,Y
Yorkshire & Humberside,North Yorkshire,VocaLink Mastercard Running Club,Club,N,Y,Y,N,N,N
Yorkshire & Humberside,North Yorkshire,Whitby Running Club,Club,N,N,Y,N,N,Y
Yorkshire & Humberside,North Yorkshire,York Acorn Running Club,Club,N,Y,Y,Y,N,N
Yorkshire & Humberside,North Yorkshire,York Knavesmire Harriers,Club,N,Y,Y,Y,N,Y
Yorkshire & Humberside,North Yorkshire,York Postal Harriers,Club,N,Y,Y,Y,N,Y
Yorkshire & Humberside,North Yorkshire,York Triathlon Club,Club,N,Y,Y,Y,N,Y
Yorkshire & Humberside,South Yorkshire,Askern District RC,Club,N,Y,Y,N,N,N
Yorkshire & Humberside,South Yorkshire,Aston Chasers,Club,N,N,Y,N,N,Y
Yorkshire & Humberside,South Yorkshire,Barnsley Athletic Club,Club,Y,Y,Y,Y,N,N
Yorkshire & Humberside,South Yorkshire,Barnsley Harriers,Club,N,Y,Y,Y,N,Y
Yorkshire & Humberside,South Yorkshire,City of Sheffield and Dearne AC,Club,Y,Y,Y,N,Y,N
Yorkshire & Humberside,South Yorkshire,Crystal Peaks Runners,Club,N,Y,Y,N,N,Y
Yorkshire & Humberside,South Yorkshire,Danum Harriers,Club,N,Y,Y,Y,N,Y
Yorkshire & Humberside,South Yorkshire,Dark Peak Fell Runners,Club,N,N,N,Y,N,N
Yorkshire & Humberside,South Yorkshire,Doncaster Athletic Club,Club,Y,Y,Y,N,N,N
Yorkshire & Humberside,South Yorkshire,Doncaster Triathlon Club,Club,Y,Y,Y,Y,Y,Y
Yorkshire & Humberside,South Yorkshire,Hallamshire Harriers Sheffield,Club,Y,Y,Y,N,Y,Y
Yorkshire & Humberside,South Yorkshire,Handsworth Roadhogs,Club,N,Y,Y,Y,N,Y
Yorkshire & Humberside,South Yorkshire,Hillsborough & Rivelin RC,Club,Y,Y,Y,Y,N,Y
Yorkshire & Humberside,South Yorkshire,Killamarsh Kestrels,Club,N,Y,Y,Y,N,N
Yorkshire & Humberside,South Yorkshire,Kimberworth Striders,Club,N,Y,Y,Y,N,N
Yorkshire & Humberside,South Yorkshire,Kingstone Runners Barnsley,Club,N,Y,Y,Y,N,Y
Yorkshire & Humberside,South Yorkshire,Maltby Running Club,Club,N,Y,Y,Y,N,N
Yorkshire & Humberside,South Yorkshire,Penistone Footpath Runners & Athletic Club,Club,N,Y,Y,Y,N,Y
Yorkshire & Humberside,South Yorkshire,Rawmarsh Runners,Club,N,Y,Y,Y,Y,Y
Yorkshire & Humberside,South Yorkshire,Rother Valley Swallows,Club,N,Y,Y,N,N,N
Yorkshire & Humberside,South Yorkshire,Rotherham Harriers and AC,Club,Y,Y,Y,Y,N,Y
Yorkshire & Humberside,South Yorkshire,Rotherham Running Club,Club,N,Y,Y,Y,Y,Y
Yorkshire & Humberside,South Yorkshire,Sheffield Hallam University Athletics Club,Club,Y,Y,Y,Y,N,Y
Yorkshire & Humberside,South Yorkshire,Sheffield RC,Club,N,Y,Y,N,N,Y
Yorkshire & Humberside,South Yorkshire,Sheffield Triathlon Club,Club,N,Y,Y,N,N,N
Yorkshire & Humberside,South Yorkshire,South Yorkshire Police AC,Club,Y,Y,Y,Y,Y,N
Yorkshire & Humberside,South Yorkshire,Steel City Striders RC,Club,N,Y,Y,Y,N,N
Yorkshire & Humberside,South Yorkshire,Stocksbridge Running Club,Club,Y,Y,Y,Y,N,Y
Yorkshire & Humberside,South Yorkshire,Team Manvers,Club,Y,Y,Y,Y,N,N
Yorkshire & Humberside,South Yorkshire,The Fitness Coach AC,Virtual Club,Y,Y,Y,Y,N,Y
Yorkshire & Humberside,South Yorkshire,Tickhill Running & Athletic Club,Club,Y,Y,Y,Y,N,Y
Yorkshire & Humberside,South Yorkshire,Totley AC,Club,Y,Y,Y,Y,N,Y
Yorkshire & Humberside,South Yorkshire,University of Sheffield Union of Students,Club,Y,Y,Y,N,N,N
Yorkshire & Humberside,South Yorkshire,Valley Hill Runners,Club,Y,Y,Y,Y,N,N
Yorkshire & Humberside,South Yorkshire,Wakefield Triathlon Club,Club,N,Y,Y,N,N,N
Yorkshire & Humberside,West Yorkshire,Abbey Runners,Club,Y,Y,Y,Y,N,Y
Yorkshire & Humberside,West Yorkshire,Ackworth Road Runners,Club,Y,Y,Y,N,N,N
Yorkshire & Humberside,West Yorkshire,Airecentre Pacers RC,Club,N,Y,Y,N,N,Y
Yorkshire & Humberside,West Yorkshire,Baildon Runners,Club,N,Y,Y,Y,N,N
Yorkshire & Humberside,West Yorkshire,Bingley Harriers & AC,Club,Y,Y,Y,Y,Y,Y
Yorkshire & Humberside,West Yorkshire,Bradford Airedale AC,Club,Y,Y,Y,Y,N,N
Yorkshire & Humberside,West Yorkshire,Bradford Keighley & Skipton Disability Athletics (BKS),Club,Y,N,N,N,N,N
Yorkshire & Humberside,West Yorkshire,Bramley Breezers,Club,Y,Y,Y,N,N,Y
Yorkshire & Humberside,West Yorkshire,Calder Valley Fell Runners,Club,N,N,N,Y,N,N
Yorkshire & Humberside,West Yorkshire,Carleton Running Community,Club,N,Y,Y,N,N,Y
Yorkshire & Humberside,West Yorkshire,Chapel Allerton Runners,Club,N,Y,Y,Y,N,Y
Yorkshire & Humberside,West Yorkshire,Craven Energy Triathlon & Multisport Club,Club,N,Y,Y,Y,N,Y
Yorkshire & Humberside,West Yorkshire,Crossgates Harriers,Club,N,Y,Y,N,N,N
Yorkshire & Humberside,West Yorkshire,Denby Dale Athletics Club,Club,Y,Y,Y,Y,N,N
Yorkshire & Humberside,West Yorkshire,Dewsbury Road Runners,Club,N,Y,Y,Y,N,N
Yorkshire & Humberside,West Yorkshire,Dragons Running Club (Leeds),Club,N,Y,Y,N,N,N
Yorkshire & Humberside,West Yorkshire,Drighlington Dynamos Running Club,Club,N,N,Y,Y,N,Y
Yorkshire & Humberside,West Yorkshire,Farsley Flyers,Club,Y,N,Y,N,N,Y
Yorkshire & Humberside,West Yorkshire,Halifax Harriers & AC,Club,Y,Y,Y,Y,N,Y
Yorkshire & Humberside,West Yorkshire,Holmfirth Harriers AC,Club,Y,Y,Y,Y,N,Y
Yorkshire & Humberside,West Yorkshire,Horsforth Fellandale Club,Club,N,Y,Y,Y,N,N
Yorkshire & Humberside,West Yorkshire,Horsforth Harriers,Club,N,Y,Y,Y,N,Y
Yorkshire & Humberside,West Yorkshire,Hyde Park Harriers,Club,Y,Y,Y,Y,Y,Y
Yorkshire & Humberside,West Yorkshire,Idle AC,Club,N,Y,Y,Y,N,N
Yorkshire & Humberside,West Yorkshire,Ilkley Harriers AC,Club,Y,Y,Y,Y,N,N
Yorkshire & Humberside,West Yorkshire,Keighley & Craven AC,Club,Y,Y,Y,Y,N,N
Yorkshire & Humberside,West Yorkshire,Kippax & District Harriers,Club,N,Y,Y,N,N,N
Yorkshire & Humberside,West Yorkshire,Kirkstall Harriers,Club,Y,Y,Y,Y,Y,N
Yorkshire & Humberside,West Yorkshire,Leeds & Bradford Triathlon Club,Club,N,Y,Y,N,N,N
Yorkshire & Humberside,West Yorkshire,Leeds City Athletic Club,Club,Y,Y,Y,Y,Y,Y
Yorkshire & Humberside,West Yorkshire,Leeds University AC and CC Club,Club,Y,Y,Y,N,N,N
Yorkshire & Humberside,West Yorkshire,Lindley Running Club,Club,N,N,Y,N,N,N
Yorkshire & Humberside,West Yorkshire,Longwood Harriers AC,Club,Y,Y,Y,Y,Y,Y
Yorkshire & Humberside,West Yorkshire,Marsden Racers,Club,N,N,Y,Y,N,Y
Yorkshire & Humberside,West Yorkshire,Meltham AC,Club,N,Y,Y,Y,N,Y
Yorkshire & Humberside,West Yorkshire,Methley Striders,Club,N,Y,Y,N,N,Y
Yorkshire & Humberside,West Yorkshire,Morley Running Club,Club,N,N,Y,Y,N,Y
Yorkshire & Humberside,West Yorkshire,North Leeds Fell Runners,Club,N,N,N,Y,N,Y
Yorkshire & Humberside,West Yorkshire,Northowram Pumas Running Club,Club,N,Y,Y,N,N,Y
Yorkshire & Humberside,West Yorkshire,Otley AC,Club,Y,Y,Y,Y,N,N
Yorkshire & Humberside,West Yorkshire,Pontefract AC,Club,Y,Y,Y,N,N,N
Yorkshire & Humberside,West Yorkshire,Pudsey & Bramley AC,Club,Y,Y,Y,Y,N,Y
Yorkshire & Humberside,West Yorkshire,Pudsey Pacers RC,Club,N,Y,Y,Y,N,Y
Yorkshire & Humberside,West Yorkshire,Pudsey Runners,Club,N,Y,Y,Y,N,Y
Yorkshire & Humberside,West Yorkshire,Queensbury Running Club,Club,N,Y,Y,Y,N,Y
Yorkshire & Humberside,West Yorkshire,Roberttown Road Runners,Club,N,Y,Y,Y,N,Y
Yorkshire & Humberside,West Yorkshire,Rodillian Runners,Club,N,Y,Y,Y,N,Y
Yorkshire & Humberside,West Yorkshire,Rothwell Harriers & AC,Club,Y,Y,Y,Y,N,N
Yorkshire & Humberside,West Yorkshire,Roundhay Runners,Club,Y,Y,Y,Y,N,Y
Yorkshire & Humberside,West Yorkshire,Saltaire Striders,Club,N,Y,Y,Y,N,N
Yorkshire & Humberside,West Yorkshire,Savvy Park Runrz,Club,N,Y,Y,N,N,Y
Yorkshire & Humberside,West Yorkshire,Shadwell Runners,Club,N,Y,Y,N,N,Y
Yorkshire & Humberside,West Yorkshire,Skyrac Athletic Club,Club,Y,Y,Y,Y,N,Y
Yorkshire & Humberside,West Yorkshire,Slaithwaite Striders RC,Club,N,Y,Y,Y,N,Y
Yorkshire & Humberside,West Yorkshire,SOUTH LEEDS LAKERS RUNNING CLUB,Club,Y,Y,Y,Y,Y,Y
Yorkshire & Humberside,West Yorkshire,Sowerby Bridge Snails Running Club,Club,Y,Y,Y,N,Y,Y
Yorkshire & Humberside,West Yorkshire,Spenborough & Dist AC,Club,Y,Y,Y,Y,N,N
Yorkshire & Humberside,West Yorkshire,St Theresa's A.C.,Club,N,Y,Y,Y,N,Y
Yorkshire & Humberside,West Yorkshire,Stadium Runners,Club,N,Y,Y,N,N,N
Yorkshire & Humberside,West Yorkshire,Stainland Lions Running Club,Club,N,Y,Y,Y,N,Y
Yorkshire & Humberside,West Yorkshire,Todmorden Harriers,Club,N,Y,Y,Y,N,Y
Yorkshire & Humberside,West Yorkshire,Valley Striders AC,Club,Y,Y,Y,Y,N,N
Yorkshire & Humberside,West Yorkshire,Wakefield District H & AC,Club,Y,Y,Y,Y,N,Y
Yorkshire & Humberside,West Yorkshire,West Yorkshire Police Harriers,Club,Y,Y,Y,Y,Y,N
Yorkshire & Humberside,West Yorkshire,Wetherby Runners AC,Club,Y,Y,Y,Y,N,Y
Yorkshire & Humberside,West Yorkshire,Wharfedale Harriers,Club,N,Y,Y,Y,N,N